路线	候选基因	UniProt accession	蛋白主名称
A	AAAS	Q9NRG9	Aladin
A	AARS1	P49588	Alanine--tRNA ligase, cytoplasmic
A	ABI1	Q8IZP0	Abl interactor 1
A	ABI2	Q9NYB9	Abl interactor 2
A	ABITRAM	Q9NX38	Protein Abitram
A	ACBD6	Q9BR61	Acyl-CoA-binding domain-containing protein 6
A	ADARB1	P78563	Double-stranded RNA-specific editase 1
A	ADAT2	Q7Z6V5	tRNA-specific adenosine-34 deaminase catalytic subunit ADAT2
A	ADPRS	Q9NX46	ADP-ribosylhydrolase ARH3
A	ADRM1	Q16186	Proteasomal ubiquitin receptor ADRM1
A	AEN	Q8WTP8	Apoptosis-enhancing nuclease
A	AGPAT3	Q9NRZ7	1-acyl-sn-glycerol-3-phosphate acyltransferase gamma
A	AGPAT5	Q9NUQ2	1-acyl-sn-glycerol-3-phosphate acyltransferase epsilon
A	AHNAK	Q09666	Neuroblast differentiation-associated protein AHNAK
A	AIMP2	Q13155	Aminoacyl tRNA synthase complex-interacting multifunctional protein 2
A	AIPL1	Q9NZN9	Aryl-hydrocarbon-interacting protein-like 1
A	AIRIM	Q9NX04	AFG2-interacting ribosome maturation factor
A	AKAP17A	Q02040	A-kinase anchor protein 17A
A	AKT2	P31751	RAC-beta serine/threonine-protein kinase
A	ALKBH3	Q96Q83	Alpha-ketoglutarate-dependent dioxygenase alkB homolog 3
A	ALOX15B	O15296	Polyunsaturated fatty acid lipoxygenase ALOX15B
A	ALOX5	P09917	Polyunsaturated fatty acid 5-lipoxygenase
A	AMMECR1	Q9Y4X0	Nuclear protein AMMECR1
A	ANAPC11	Q9NYG5	Anaphase-promoting complex subunit 11
A	ANAPC5	Q9UJX4	Anaphase-promoting complex subunit 5
A	ANKRD11	Q6UB99	Ankyrin repeat domain-containing protein 11
A	ANKRD12	Q6UB98	Ankyrin repeat domain-containing protein 12
A	ANKRD23	Q86SG2	Ankyrin repeat domain-containing protein 23
A	ANKRD28	O15084	Serine/threonine-protein phosphatase 6 regulatory ankyrin repeat subunit A
A	ANKRD33	Q7Z3H0	Photoreceptor ankyrin repeat protein
A	ANKRD37	Q7Z713	Ankyrin repeat domain-containing protein 37
A	ANXA1	P04083	Annexin A1
A	ANXA11	P50995	Annexin A11
A	APEX2	Q9UBZ4	DNA-(apurinic or apyrimidinic site) endonuclease 2
A	API5	Q9BZZ5	Apoptosis inhibitor 5
A	APP	P05067	Amyloid-beta precursor protein
A	APPBP2	Q92624	Amyloid protein-binding protein 2
A	APPL1	Q9UKG1	DCC-interacting protein 13-alpha
A	APPL2	Q8NEU8	DCC-interacting protein 13-beta
A	ARIH1	Q9Y4X5	E3 ubiquitin-protein ligase ARIH1
A	ARIH2	O95376	E3 ubiquitin-protein ligase ARIH2
A	ARK2C	Q6ZSG1	E3 ubiquitin-protein ligase ARK2C
A	ARL2	P36404	ADP-ribosylation factor-like protein 2
A	ARL4A	P40617	ADP-ribosylation factor-like protein 4A
A	ARL6IP4	Q66PJ3	ADP-ribosylation factor-like protein 6-interacting protein 4
A	ARMC5	Q96C12	Armadillo repeat-containing protein 5
A	ARMC8	Q8IUR7	Armadillo repeat-containing protein 8
A	ARMCX3	Q9UH62	Armadillo repeat-containing X-linked protein 3
A	ARPC2	O15144	Actin-related protein 2/3 complex subunit 2
A	ARPC3	O15145	Actin-related protein 2/3 complex subunit 3
A	ARPC4	P59998	Actin-related protein 2/3 complex subunit 4
A	ASB10	Q8WXI3	Ankyrin repeat and SOCS box protein 10
A	ASB7	Q9H672	Ankyrin repeat and SOCS box protein 7
A	ASPSCR1	Q9BZE9	Tether containing UBX domain for GLUT4
A	ATAD5	Q96QE3	ATPase family AAA domain-containing protein 5
A	ATOSA	Q32MH5	Atos homolog protein A
A	ATOSB	Q7L5A3	Atos homolog protein B
A	ATRIP	Q8WXE1	ATR-interacting protein
A	ATXN1L	P0C7T5	Ataxin-1-like
A	AUNIP	Q9H7T9	Aurora kinase A- and ninein-interacting protein
A	AZIN1	O14977	Antizyme inhibitor 1
A	B9D2	Q9BPU9	B9 domain-containing protein 2
A	BAG1	Q99933	BAG family molecular chaperone regulator 1
A	BAG3	O95817	BAG family molecular chaperone regulator 3
A	BAG6	P46379	Large proline-rich protein BAG6
A	BANF2	Q9H503	Barrier-to-autointegration factor-like protein
A	BCAS2	O75934	Pre-mRNA-splicing factor SPF27
A	BCCIP	Q9P287	BRCA2 and CDKN1A-interacting protein
A	BCL2L1	Q07817	Bcl-2-like protein 1
A	BECN1	Q14457	Beclin-1
A	BEND2	Q8NDZ0	BEN domain-containing protein 2
A	BEX2	Q9BXY8	Protein BEX2
A	BEX3	Q00994	Protein BEX3
A	BICD2	Q8TD16	Protein bicaudal D homolog 2
A	BIRC7	Q96CA5	Baculoviral IAP repeat-containing protein 7
A	BIVM	Q86UB2	Basic immunoglobulin-like variable motif-containing protein
A	BLCAP	P62952	Apoptosis inducing factor BLCAP
A	BMS1	Q14692	Ribosome biogenesis protein BMS1 homolog
A	BRAT1	Q6PJG6	Integrator complex assembly factor BRAT1
A	BTBD3	Q9Y2F9	BTB/POZ domain-containing protein 3
A	BUB1B	O60566	Mitotic checkpoint serine/threonine-protein kinase BUB1 beta
A	BUB3	O43684	Mitotic checkpoint protein BUB3
A	BYSL	Q13895	Bystin
A	C1orf174	Q8IYL3	UPF0688 protein C1orf174
A	C9orf72	Q96LT7	Guanine nucleotide exchange factor C9orf72
A	C9orf78	Q9NZ63	Splicing factor C9orf78
A	CABLES1	Q8TDN4	CDK5 and ABL1 enzyme substrate 1
A	CAMKMT	Q7Z624	Calmodulin-lysine N-methyltransferase
A	CAPN7	Q9Y6W3	Calpain-7
A	CARNMT1	Q8N4J0	Carnosine N-methyltransferase
A	CASC3	O15234	Protein CASC3
A	CASP14	P31944	Caspase-14
A	CASP8	Q14790	Caspase-8
A	CATIP	Q7Z7H3	Ciliogenesis-associated TTC17-interacting protein
A	CBS	P35520	Cystathionine beta-synthase
A	CCDC106	Q9BWC9	Coiled-coil domain-containing protein 106
A	CCDC174	Q6PII3	Coiled-coil domain-containing protein 174
A	CCDC97	Q96F63	Coiled-coil domain-containing protein 97
A	CCER1	Q8TC90	Coiled-coil domain-containing glutamate-rich protein 1
A	CCHCR1	Q8TD31	Coiled-coil alpha-helical rod protein 1
A	CCNB1	P14635	G2/mitotic-specific cyclin-B1
A	CCNB1IP1	Q9NPC3	E3 ubiquitin-protein ligase CCNB1IP1
A	CCNB3	Q8WWL7	G2/mitotic-specific cyclin-B3
A	CCND2	P30279	G1/S-specific cyclin-D2
A	CCND3	P30281	G1/S-specific cyclin-D3
A	CCNDBP1	O95273	Cyclin-D1-binding protein 1
A	CCNE2	O96020	G1/S-specific cyclin-E2
A	CCNF	P41002	Cyclin-F
A	CCNG1	P51959	Cyclin-G1
A	CCNI	Q14094	Cyclin-I
A	CCNL1	Q9UK58	Cyclin-L1
A	CCNL2	Q96S94	Cyclin-L2
A	CCNO	P22674	Cyclin-O
A	CCNP	Q9H8S5	Cyclin-P
A	CDC14B	O60729	Dual specificity protein phosphatase CDC14B
A	CDC25C	P30307	M-phase inducer phosphatase 3
A	CDC27	P30260	Cell division cycle protein 27 homolog
A	CDC34	P49427	Ubiquitin-conjugating enzyme E2 R1
A	CDC7	O00311	Cell division cycle 7-related protein kinase
A	CDCA4	Q9BXL8	Cell division cycle-associated protein 4
A	CDCA5	Q96FF9	Sororin
A	CDCA7L	Q96GN5	Cell division cycle-associated 7-like protein
A	CDCA8	Q53HL2	Borealin
A	CDIN1	Q9Y2V0	CDAN1-interacting nuclease 1
A	CDK11A	Q9UQ88	Cyclin-dependent kinase 11A
A	CDK14	O94921	Cyclin-dependent kinase 14
A	CDK2AP2	O75956	Cyclin-dependent kinase 2-associated protein 2
A	CDK6	Q00534	Cyclin-dependent kinase 6
A	CDKN1A	P38936	Cyclin-dependent kinase inhibitor 1
A	CDKN2D	P55273	Cyclin-dependent kinase 4 inhibitor D
A	CENPH	Q9H3R5	Centromere protein H
A	CENPI	Q92674	Centromere protein I
A	CENPK	Q9BS16	Centromere protein K
A	CENPO	Q9BU64	Centromere protein O
A	CENPP	Q6IPU0	Centromere protein P
A	CENPQ	Q7L2Z9	Centromere protein Q
A	CENPW	Q5EE01	Centromere protein W
A	CEP57	Q86XR8	Centrosomal protein of 57 kDa
A	CEP85	Q6P2H3	Centrosomal protein of 85 kDa
A	CETN2	P41208	Centrin-2
A	CETN3	O15182	Centrin-3
A	CFAP20	Q9Y6A4	Cilia- and flagella-associated protein 20
A	CFAP68	Q9H5F2	Cilia- and flagella-associated protein 68
A	CFL1	P23528	Cofilin-1
A	CFL2	Q9Y281	Cofilin-2
A	CGRRF1	Q99675	Cell growth regulator with RING finger domain protein 1
A	CHFR	Q96EP1	E3 ubiquitin-protein ligase CHFR
A	CHMP4B	Q9H444	Charged multivesicular body protein 4b
A	CHMP7	Q8WUX9	Charged multivesicular body protein 7
A	CHTF18	Q8WVB6	Chromosome transmission fidelity protein 18 homolog
A	CHTF8	P0CG13	Chromosome transmission fidelity protein 8 homolog
A	CIAPIN1	Q6FI81	Anamorsin
A	CIART	Q8N365	Circadian-associated transcriptional repressor
A	CIB1	Q99828	Calcium and integrin-binding protein 1
A	CIDEC	Q96AQ7	Lipid transferase CIDEC
A	CINP	Q9BW66	Cyclin-dependent kinase 2-interacting protein
A	CIPC	Q9C0C6	CLOCK-interacting pacemaker
A	CLASRP	Q8N2M8	CLK4-associating serine/arginine rich protein
A	CLIC1	O00299	Chloride intracellular channel protein 1
A	CLIC3	O95833	Chloride intracellular channel protein 3
A	CLK1	P49759	Dual specificity protein kinase CLK1
A	CLK2	P49760	Dual specificity protein kinase CLK2
A	CLK3	P49761	Dual specificity protein kinase CLK3
A	CLK4	Q9HAZ1	Dual specificity protein kinase CLK4
A	CLP1	Q92989	Polyribonucleotide 5'-hydroxyl-kinase Clp1
A	CLUAP1	Q96AJ1	Clusterin-associated protein 1
A	CNOT4	O95628	CCR4-NOT transcription complex subunit 4
A	COIL	P38432	Coilin
A	COMMD8	Q9NX08	COMM domain-containing protein 8
A	COPS4	Q9BT78	COP9 signalosome complex subunit 4
A	COPS6	Q7L5N1	COP9 signalosome complex subunit 6
A	COPS8	Q99627	COP9 signalosome complex subunit 8
A	COQ7	Q99807	NADPH-dependent 3-demethoxyubiquinone 3-hydroxylase, mitochondrial
A	CPLX2	Q6PUV4	Complexin-2
A	CPNE1	Q99829	Copine-1
A	CPNE2	Q96FN4	Copine-2
A	CPNE7	Q9UBL6	Copine-7
A	CPSF1	Q10570	Cleavage and polyadenylation specificity factor subunit 1
A	CPSF2	Q9P2I0	Cleavage and polyadenylation specificity factor subunit 2
A	CPSF4	O95639	Cleavage and polyadenylation specificity factor subunit 4
A	CPSF6	Q16630	Cleavage and polyadenylation specificity factor subunit 6
A	CPSF7	Q8N684	Cleavage and polyadenylation specificity factor subunit 7
A	CRBN	Q96SW2	Protein cereblon
A	CRCP	O75575	DNA-directed RNA polymerase III subunit RPC9
A	CSNK1D	P48730	Casein kinase I isoform delta
A	CSNK1E	P49674	Casein kinase I isoform epsilon
A	CSNK2B	P67870	Casein kinase II subunit beta
A	CSRP2	Q16527	Cysteine and glycine-rich protein 2
A	CSTB	P04080	Cystatin-B
A	CSTF2	P33240	Cleavage stimulation factor subunit 2
A	CSTF2T	Q9H0L4	Cleavage stimulation factor subunit 2 tau variant
A	CT45A1	Q5HYN5	Cancer/testis antigen family 45 member A1
A	CT45A10	P0DMU9	Cancer/testis antigen family 45 member A10
A	CUEDC2	Q9H467	CUE domain-containing protein 2
A	CUTC	Q9NTM9	Copper homeostasis protein cutC homolog
A	DAZAP2	Q15038	DAZ-associated protein 2
A	DBF4B	Q8NFT6	Protein DBF4 homolog B
A	DCAF8	Q5TAQ9	DDB1- and CUL4-associated factor 8
A	DCLRE1C	Q96SD1	Protein artemis
A	DCTN1	Q14203	Dynactin subunit 1
A	DCUN1D1	Q96GG9	DCN1-like protein 1
A	DCUN1D2	Q6PH85	DCN1-like protein 2
A	DCUN1D3	Q8IWE4	DCN1-like protein 3
A	DCUN1D4	Q92564	DCN1-like protein 4
A	DCUN1D5	Q9BTE7	DCN1-like protein 5
A	DDX46	Q7L014	Probable ATP-dependent RNA helicase DDX46
A	DDX56	Q9NY93	Probable ATP-dependent RNA helicase DDX56
A	DDX6	P26196	Probable ATP-dependent RNA helicase DDX6
A	DEF6	Q9H4E7	Differentially expressed in FDCP 6 homolog
A	DERA	Q9Y315	Deoxyribose-phosphate aldolase
A	DES	P17661	Desmin
A	DESI1	Q6ICB0	Desumoylating isopeptidase 1
A	DGCR6	Q14129	Protein DGCR6
A	DGCR6L	Q9BY27	Protein DGCR6L
A	DGCR8	Q8WYQ5	Microprocessor complex subunit DGCR8
A	DHX15	O43143	ATP-dependent RNA helicase DHX15
A	DHX16	O60231	Pre-mRNA-splicing factor ATP-dependent RNA helicase DHX16
A	DIDO1	Q9BTC0	Death-inducer obliterator 1
A	DIS3	Q9Y2L1	Exosome complex exonuclease RRP44
A	DMC1	Q14565	Meiotic recombination protein DMC1/LIM15 homolog
A	DMPK	Q09013	Myotonin-protein kinase
A	DMWD	Q09019	Dystrophia myotonica WD repeat-containing protein
A	DNAJC17	Q9NVM6	DnaJ homolog subfamily C member 17
A	DNAJC27	Q9NZQ0	DnaJ homolog subfamily C member 27
A	DNPH1	O43598	5-hydroxymethyl-dUMP N-hydrolase
A	DNTT	P04053	DNA nucleotidylexotransferase
A	DPH1	Q9BZG8	2-(3-amino-3-carboxypropyl)histidine synthase subunit 1
A	DPH3	Q96FX2	Diphthamide biosynthesis protein 3
A	DRG1	Q9Y295	Developmentally-regulated GTP-binding protein 1
A	DRG2	P55039	Developmentally-regulated GTP-binding protein 2
A	DSN1	Q9H410	Kinetochore-associated protein DSN1 homolog
A	DTL	Q9NZJ0	Denticleless protein homolog
A	DTNB	O60941	Dystrobrevin beta
A	DTNBP1	Q96EV8	Dysbindin
A	DTX2	Q86UW9	Probable E3 ubiquitin-protein ligase DTX2
A	DTX3	Q8N9I9	E3 ubiquitin-protein ligase DTX3
A	DUS1L	Q6P1R4	tRNA-dihydrouridine(16/17) synthase [NAD(P)(+)]-like
A	DUSP10	Q9Y6W6	Dual specificity protein phosphatase 10
A	DUSP21	Q9H596	Dual specificity protein phosphatase 21
A	DUSP23	Q9BVJ7	Dual specificity protein phosphatase 23
A	DUSP29	Q68J44	Dual specificity phosphatase 29
A	DUSP3	P51452	Dual specificity protein phosphatase 3
A	DUSP4	Q13115	Dual specificity protein phosphatase 4
A	DXO	O77932	Decapping and exoribonuclease protein
A	DYNLL1	P63167	Dynein light chain 1, cytoplasmic
A	EBP	Q15125	3-beta-hydroxysteroid-Delta(8),Delta(7)-isomerase
A	EEF1AKMT2	Q5JPI9	EEF1A lysine methyltransferase 2
A	EGLN3	Q9H6Z9	Prolyl hydroxylase EGLN3
A	EIF1AD	Q8N9N8	Probable RNA-binding protein EIF1AD
A	EIF3E	P60228	Eukaryotic translation initiation factor 3 subunit E
A	EIF3G	O75821	Eukaryotic translation initiation factor 3 subunit G
A	EIF4E	P06730	Eukaryotic translation initiation factor 4E
A	EIF4EBP1	Q13541	Eukaryotic translation initiation factor 4E-binding protein 1
A	EIF4ENIF1	Q9NRA8	Eukaryotic translation initiation factor 4E transporter
A	EIF4G1	Q04637	Eukaryotic translation initiation factor 4 gamma 1
A	EIF5A2	Q9GZV4	Eukaryotic translation initiation factor 5A-2
A	EIF6	P56537	Eukaryotic translation initiation factor 6
A	ELAVL1	Q15717	ELAV-like protein 1
A	ELOA	Q14241	Elongin-A
A	ELOA2	Q8IYF1	Elongin-A2
A	EMD	P50402	Emerin
A	EME2	A4GXA9	Structure-specific endonuclease subunit EME2
A	EMG1	Q92979	Ribosomal RNA small subunit methyltransferase NEP1
A	ENC1	O14682	Ectoderm-neural cortex protein 1
A	ENOPH1	Q9UHY7	Enolase-phosphatase E1
A	EPB41	P11171	Protein 4.1
A	EPN1	Q9Y6I3	Epsin-1
A	EPN3	Q9H201	Epsin-3
A	ERCC1	P07992	DNA excision repair protein ERCC-1
A	ERCC4	Q92889	DNA repair endonuclease XPF
A	ERCC5	P28715	DNA excision repair protein ERCC-5
A	ERCC8	Q13216	DNA excision repair protein ERCC-8
A	ERH	P84090	Enhancer of rudimentary homolog
A	ESRP1	Q6NXG1	Epithelial splicing regulatory protein 1
A	ESS2	Q96DF8	Splicing factor ESS-2 homolog
A	EVI5	O60447	Ecotropic viral integration site 5 protein homolog
A	FAAP100	Q0VG06	Fanconi anemia core complex-associated protein 100
A	FAAP20	Q6NZ36	Fanconi anemia core complex-associated protein 20
A	FAF1	Q9UNN5	FAS-associated factor 1
A	FAM107A	O95990	Actin-associated protein FAM107A
A	FAM118B	Q9BPY3	Protein FAM118B
A	FAM124B	Q9H5Z6	Protein FAM124B
A	FAM193B	Q96PV7	Protein FAM193B
A	FAM220A	Q7Z4H9	Protein FAM220A
A	FAM53B	Q14153	Protein FAM53B
A	FAM9A	Q8IZU1	Protein FAM9A
A	FAM9B	Q8IZU0	Protein FAM9B
A	FAM9C	Q8IZT9	Protein FAM9C
A	FANCC	Q00597	Fanconi anemia group C protein
A	FANCE	Q9HB96	Fanconi anemia group E protein
A	FANCG	O15287	Fanconi anemia group G protein
A	FANCL	Q9NW38	E3 ubiquitin-protein ligase FANCL
A	FANCM	Q8IYD8	Fanconi anemia group M protein
A	FBLL1	A6NHQ2	RNA 2'-O-methyltransferase FBLL1
A	FBXL17	Q9UF56	F-box/LRR-repeat protein 17
A	FBXL5	Q9UKA1	F-box/LRR-repeat protein 5
A	FBXO11	Q86XK2	F-box only protein 11
A	FBXO22	Q8NEZ5	F-box only protein 22
A	FBXO25	Q8TCJ0	F-box only protein 25
A	FBXO28	Q9NVF7	F-box only protein 28
A	FBXO3	Q9UK99	F-box only protein 3
A	FBXO44	Q9H4M3	F-box only protein 44
A	FBXO45	P0C2W1	F-box/SPRY domain-containing protein 1
A	FBXO5	Q9UKT4	F-box only protein 5
A	FEN1	P39748	Flap endonuclease 1
A	FGF12	P61328	Fibroblast growth factor 12
A	FGF14	Q92915	Fibroblast growth factor 14
A	FIGNL1	Q6PIW4	Fidgetin-like protein 1
A	FIP1L1	Q6UN15	Pre-mRNA 3'-end-processing factor FIP1
A	FKBP6	O75344	Inactive peptidyl-prolyl cis-trans isomerase FKBP6
A	FLAD1	Q8NFF5	Bifunctional FAD diphosphatase/FAD synthase [Includes: FAD diphosphatase
A	FRG1	Q14331	Protein FRG1
A	FSAF1	Q8NDD1	40S small subunit processome assembly factor 1
A	FSBP	O95073	Fibrinogen silencer-binding protein
A	FSD2	A1L4K1	Fibronectin type III and SPRY domain-containing protein 2
A	FTSJ3	Q8IY81	pre-rRNA 2'-O-ribose RNA methyltransferase FTSJ3
A	FUBP1	Q96AE4	Far upstream element-binding protein 1
A	FXR1	P51114	RNA-binding protein FXR1
A	FYN	P06241	Tyrosine-protein kinase Fyn
A	GADD45GIP1	Q8TAE8	Large ribosomal subunit protein mL64
A	GEMIN2	O14893	Gem-associated protein 2
A	GEMIN4	P57678	Gem-associated protein 4
A	GET3	O43681	ATPase GET3
A	GINS3	Q9BRX5	DNA replication complex GINS protein PSF3
A	GINS4	Q9BRT9	DNA replication complex GINS protein SLD5
A	GMCL1	Q96IK5	Germ cell-less protein-like 1
A	GNL3L	Q9NVN8	Guanine nucleotide-binding protein-like 3-like protein
A	GPATCH2	Q9NW75	G patch domain-containing protein 2
A	GPN1	Q9HCN4	GPN-loop GTPase 1
A	GPR50	Q13585	Melatonin-related receptor
A	GPRASP3	Q6PI77	G protein-coupled receptor associated sorting protein 3
A	GRAP2	O75791	GRB2-related adapter protein 2
A	GRB2	P62993	Growth factor receptor-bound protein 2
A	GSDMD	P57764	Gasdermin-D
A	GSTP1	P09211	Glutathione S-transferase P
A	GTF2E2	P29084	Transcription initiation factor IIE subunit beta
A	GTF3C2	Q8WUA4	General transcription factor 3C polypeptide 2
A	GTF3C3	Q9Y5Q9	General transcription factor 3C polypeptide 3
A	GTF3C5	Q9Y5Q8	General transcription factor 3C polypeptide 5
A	GTPBP10	A4D1E9	GTP-binding protein 10
A	H1-7	Q75WM6	Testis-specific H1 histone
A	H2AC1	Q96QV6	Histone H2A type 1-A
A	H2AC14	Q99878	Histone H2A type 1-J
A	H2AC20	Q16777	Histone H2A type 2-C
A	H2AC21	Q8IUE6	Histone H2A type 2-B
A	H2AC4	P04908	Histone H2A type 1-B/E
A	H2AJ	Q9BTM1	Histone H2A.J
A	H2AX	P16104	Histone H2AX
A	H2BC12	O60814	Histone H2B type 1-K
A	H2BC17	P23527	Histone H2B type 1-O
A	H3-5	Q6NXT2	Histone H3.3C
A	H3-7	Q5TEC6	Histone H3-7
A	H3Y1	P0DPK2	Histone H3.Y
A	H3Y2	P0DPK5	Histone H3.X
A	H4C7	Q99525	Histone H4-like protein type G
A	HAP1	P54257	Huntingtin-associated protein 1
A	HEMGN	Q9BXL5	Hemogen
A	HIKESHI	Q53FT3	Protein Hikeshi
A	HIP1	O00291	Huntingtin-interacting protein 1
A	HNRNPA2B1	P22626	Heterogeneous nuclear ribonucleoproteins A2/B1
A	HNRNPCL1	O60812	Heterogeneous nuclear ribonucleoprotein C-like 1
A	HNRNPR	O43390	Heterogeneous nuclear ribonucleoprotein R
A	HNRNPUL1	Q9BUJ2	Heterogeneous nuclear ribonucleoprotein U-like protein 1
A	HORMAD1	Q86X24	HORMA domain-containing protein 1
A	HORMAD2	Q8N7B1	HORMA domain-containing protein 2
A	HSP90AA1	P07900	Heat shock protein HSP 90-alpha
A	HSPB2	Q16082	Heat shock protein beta-2
A	HSPB7	Q9UBY9	Heat shock protein beta-7
A	HSPB8	Q9UJY1	Heat shock protein beta-8
A	IFIH1	Q9BYX4	Interferon-induced helicase C domain-containing protein 1
A	IGF2BP1	Q9NZI8	Insulin-like growth factor 2 mRNA-binding protein 1
A	IGF2BP3	O00425	Insulin-like growth factor 2 mRNA-binding protein 3
A	IGFBP5	P24593	Insulin-like growth factor-binding protein 5
A	IGFN1	Q86VF2	Immunoglobulin-like and fibronectin type III domain-containing protein 1
A	IK	Q13123	Protein Red
A	IL37	Q9NZH6	Interleukin-37
A	IMP3	Q9NV31	U3 small nucleolar ribonucleoprotein protein IMP3
A	IMP4	Q96G21	U3 small nucleolar ribonucleoprotein protein IMP4
A	IMPDH1	P20839	Inosine-5'-monophosphate dehydrogenase 1
A	IMPDH2	P12268	Inosine-5'-monophosphate dehydrogenase 2
A	INCA1	Q0VD86	Protein INCA1
A	INCENP	Q9NQS7	Inner centromere protein
A	INIP	Q9NRY2	SOSS complex subunit C
A	INKA1	Q96EL1	PAK4-inhibitor INKA1
A	INVS	Q9Y283	Inversin
A	IP6K1	Q92551	Inositol hexakisphosphate kinase 1
A	IP6K2	Q9UHH9	Inositol hexakisphosphate kinase 2
A	IPMK	Q8NFU5	Inositol polyphosphate multikinase
A	IPO8	O15397	Importin-8
A	IQGAP1	P46940	Ras GTPase-activating-like protein IQGAP1
A	IRAK1BP1	Q5VVH5	Interleukin-1 receptor-associated kinase 1-binding protein 1
A	IST1	P53990	IST1 homolog
A	ISY1	Q9ULR0	Pre-mRNA-splicing factor ISY1 homolog
A	JMJD7	P0C870	Bifunctional peptidase and
A	JPT1	Q9UK76	Jupiter microtubule associated homolog 1
A	KARS1	Q15046	Lysine--tRNA ligase
A	KASH5	Q8N6L0	Protein KASH5
A	KATNBL1	Q9H079	KATNB1-like protein 1
A	KBTBD7	Q8WVZ9	Kelch repeat and BTB domain-containing protein 7
A	KCTD10	Q9H3F6	BTB/POZ domain-containing adapter for CUL3-mediated RhoA degradation protein 3
A	KCTD13	Q8WZ19	BTB/POZ domain-containing adapter for CUL3-mediated RhoA degradation protein 1
A	KCTD19	Q17RG1	BTB/POZ domain-containing protein KCTD19
A	KHDC4	Q7Z7F0	KH homology domain-containing protein 4
A	KHDRBS2	Q5VWX1	KH domain-containing, RNA-binding, signal transduction-associated protein 2
A	KHDRBS3	O75525	KH domain-containing, RNA-binding, signal transduction-associated protein 3
A	KLHDC10	Q6PID8	Kelch domain-containing protein 10
A	KLHL20	Q9Y2M5	Kelch-like protein 20
A	KLHL22	Q53GT1	Kelch-like protein 22
A	KNL1	Q8NG31	Outer kinetochore KNL1 complex subunit KNL1
A	KNSTRN	Q9Y448	Small kinetochore-associated protein
A	KPNA1	P52294	Importin subunit alpha-5
A	KPNA2	P52292	Importin subunit alpha-1
A	KPNA3	O00505	Importin subunit alpha-4
A	KPNA4	O00629	Importin subunit alpha-3
A	KRT14	P02533	Keratin, type I cytoskeletal 14
A	KRT18	P05783	Keratin, type I cytoskeletal 18
A	KRT8	P05787	Keratin, type II cytoskeletal 8
A	LAGE3	Q14657	EKC/KEOPS complex subunit LAGE3
A	LDOC1	O95751	Protein LDOC1
A	LEMD3	Q9Y2U8	Inner nuclear membrane protein Man1
A	LGALS13	Q9UHV8	Galactoside-binding soluble lectin 13
A	LGALS14	Q8TCE9	Placental protein 13-like
A	LGALS3	P17931	Galectin-3
A	LHPP	Q9H008	Phospholysine phosphohistidine inorganic pyrophosphate phosphatase
A	LIG1	P18858	DNA ligase 1
A	LIG4	P49917	DNA ligase 4
A	LLPH	Q9BRT6	Protein LLP homolog
A	LMNA	P02545	Prelamin-A/C [Cleaved into: Lamin-A/C
A	LMNB1	P20700	Lamin-B1
A	LMNB2	Q03252	Lamin-B2
A	LSM10	Q969L4	U7 snRNA-associated Sm-like protein LSm10
A	LTC4S	Q16873	Leukotriene C4 synthase
A	LTO1	Q8WV07	Protein LTO1 homolog
A	LUC7L2	Q9Y383	Putative RNA-binding protein Luc7-like 2
A	LYPLA1	O75608	Acyl-protein thioesterase 1
A	MAB21L2	Q9Y586	Protein mab-21-like 2
A	MACO1	Q8N5G2	Macoilin
A	MAD1L1	Q9Y6D9	Mitotic spindle assembly checkpoint protein MAD1
A	MAD2L1	Q13257	Mitotic spindle assembly checkpoint protein MAD2A
A	MAD2L1BP	Q15013	MAD2L1-binding protein
A	MAFIP	Q8WZ33	MaFF-interacting protein
A	MAGEA11	P43364	Melanoma-associated antigen 11
A	MAGEC2	Q9UBF1	Melanoma-associated antigen C2
A	MAGEE1	Q9HCI5	Melanoma-associated antigen E1
A	MAJIN	Q3KP22	Membrane-anchored junction protein
A	MAK16	Q9BXY0	Protein MAK16 homolog
A	MAP3K20	Q9NYL2	Mitogen-activated protein kinase kinase kinase 20
A	MAPK1	P28482	Mitogen-activated protein kinase 1
A	MAPK11	Q15759	Mitogen-activated protein kinase 11
A	MAPK14	Q16539	Mitogen-activated protein kinase 14
A	MAPK8IP1	Q9UQF2	C-Jun-amino-terminal kinase-interacting protein 1
A	MAPK9	P45984	Mitogen-activated protein kinase 9
A	MAPKBP1	O60336	Mitogen-activated protein kinase-binding protein 1
A	MBLAC1	A4D2B0	Metallo-beta-lactamase domain-containing protein 1
A	MCC	P23508	Colorectal mutant cancer protein
A	MCM10	Q7L590	Protein MCM10 homolog
A	MCM2	P49736	DNA replication licensing factor MCM2
A	MCM3	P25205	DNA replication licensing factor MCM3
A	MCM6	Q14566	DNA replication licensing factor MCM6
A	MCM7	P33993	DNA replication licensing factor MCM7
A	MCMBP	Q9BTE3	Mini-chromosome maintenance complex-binding protein
A	METTL21C	Q5VZV1	Protein-lysine methyltransferase METTL21C
A	METTL5	Q9NRN9	rRNA N(6)-adenosine-methyltransferase METTL5
A	MGRN1	O60291	E3 ubiquitin-protein ligase MGRN1
A	MICAL3	Q7RTP6	[F-actin]-monooxygenase MICAL3
A	MKKS	Q9NPJ1	Molecular chaperone MKKS
A	MKLN1	Q9UL63	Muskelin
A	MKRN2	Q9H000	E3 ubiquitin-protein ligase makorin-2
A	MKRN3	Q13064	E3 ubiquitin-protein ligase makorin-3
A	MLH1	P40692	DNA mismatch repair protein Mlh1
A	MLIP	Q5VWP3	Muscular LMNA-interacting protein
A	MMP2	P08253	72 kDa type IV collagenase
A	MMP3	P08254	Stromelysin-1
A	MNS1	Q8NEH6	Meiosis-specific nuclear structural protein 1
A	MOB1B	Q7L9L4	MOB kinase activator 1B
A	MPHOSPH10	O00566	U3 small nucleolar ribonucleoprotein protein MPP10
A	MPHOSPH6	Q99547	M-phase phosphoprotein 6
A	MPLKIP	Q8TAP9	M-phase-specific PLK1-interacting protein
A	MRFAP1	Q9Y605	MORF4 family-associated protein 1
A	MRTO4	Q9UKD2	mRNA turnover protein 4 homolog
A	MSL3B	P0C860	MSL complex subunit 3B
A	MSRB1	Q9NZV6	Methionine-R-sulfoxide reductase B1
A	MTREX	P42285	Exosome RNA helicase MTR4
A	MTUS1	Q9ULD2	Microtubule-associated tumor suppressor 1
A	MVP	Q14764	Major vault protein
A	MX2	P20592	Interferon-induced GTP-binding protein Mx2
A	MXRA8	Q9BRK3	Matrix remodeling-associated protein 8
A	MYCLP1	P12525	Putative myc-like protein MYCLP1
A	MYD88	Q99836	Myeloid differentiation primary response protein MyD88
A	MYG1	Q9HB07	MYG1 exonuclease
A	MYOZ1	Q9NP98	Myozenin-1
A	N4BP1	O75113	NEDD4-binding protein 1
A	NAA10	P41227	N-alpha-acetyltransferase 10
A	NAA11	Q9BSU3	N-alpha-acetyltransferase 11
A	NABP1	Q96AH0	SOSS complex subunit B2
A	NAF1	Q96HR8	H/ACA ribonucleoprotein complex non-core subunit NAF1
A	NANOS3	P60323	Nanos homolog 3
A	NAP1L3	Q99457	Nucleosome assembly protein 1-like 3
A	NAP1L5	Q96NT1	Nucleosome assembly protein 1-like 5
A	NAV2	Q8IVL1	Neuron navigator 2
A	NCAPG	Q9BPX3	Condensin complex subunit 3
A	NCBP1	Q09161	Nuclear cap-binding protein subunit 1
A	NCKIPSD	Q9NZQ3	NCK-interacting protein with SH3 domain
A	NCOA5	Q9HCD5	Nuclear receptor coactivator 5
A	NDC80	O14777	Kinetochore protein NDC80 homolog
A	NDN	Q99608	Necdin
A	NDUFAF3	Q9BU61	NADH dehydrogenase [ubiquinone] 1 alpha subcomplex assembly factor 3
A	NEDD9	Q14511	Enhancer of filamentation 1
A	NEIL2	Q969S2	Endonuclease 8-like 2
A	NEK7	Q8TDX7	Serine/threonine-protein kinase Nek7
A	NELL1	Q92832	Protein kinase C-binding protein NELL1
A	NEMF	O60524	Ribosome quality control complex subunit NEMF
A	NICN1	Q9BSH3	Nicolin-1
A	NIP7	Q9Y221	60S ribosome subunit biogenesis protein NIP7 homolog
A	NKAPL	Q5M9Q1	NKAP-like protein
A	NME1	P15531	Nucleoside diphosphate kinase A
A	NME7	Q9Y5B8	Nucleoside diphosphate kinase 7
A	NMNAT1	Q9HAN9	Nicotinamide/nicotinic acid mononucleotide adenylyltransferase 1
A	NOC3L	Q8WTT2	Nucleolar complex protein 3 homolog
A	NOC4L	Q9BVI4	Nucleolar complex protein 4 homolog
A	NOL4	O94818	Nucleolar protein 4
A	NOL9	Q5SY16	Polynucleotide 5'-hydroxyl-kinase NOL9
A	NOLC1	Q14978	Nucleolar and coiled-body phosphoprotein 1
A	NOM1	Q5C9Z4	Nucleolar MIF4G domain-containing protein 1
A	NOP16	Q9Y3C1	Nucleolar protein 16
A	NOP56	O00567	Nucleolar protein 56
A	NOP58	Q9Y2X3	Nucleolar protein 58
A	NOSIP	Q9Y314	Nitric oxide synthase-interacting protein
A	NPLOC4	Q8TAT6	Nuclear protein localization protein 4 homolog
A	NR2C2AP	Q86WQ0	Nuclear receptor 2C2-associated protein
A	NRDE2	Q9H7Z3	Nuclear exosome regulator NRDE2
A	NRM	Q8IXM6	Nurim
A	NSMCE1	Q8WV22	Non-structural maintenance of chromosomes element 1 homolog
A	NSMCE2	Q96MF7	E3 SUMO-protein ligase NSE2
A	NTAQ1	Q96HA8	Protein N-terminal glutamine amidohydrolase
A	NUDT16L1	Q9BRJ7	Tudor-interacting repair regulator protein
A	NUDT21	O43809	Cleavage and polyadenylation specificity factor subunit 5
A	NUDT3	O95989	Diphosphoinositol polyphosphate phosphohydrolase 1
A	NUMA1	Q14980	Nuclear mitotic apparatus protein 1
A	NUP85	Q9BW27	Nuclear pore complex protein Nup85
A	NUTF2	P61970	Nuclear transport factor 2
A	NUTM1	Q86Y26	NUT family member 1
A	NXF3	Q9H4D5	Nuclear RNA export factor 3
A	NXT2	Q9NPJ8	NTF2-related export protein 2
A	OAS1	P00973	2'-5'-oligoadenylate synthase 1
A	OAZ3	Q9UMX2	Ornithine decarboxylase antizyme 3
A	ODAM	A1E959	Odontogenic ameloblast-associated protein
A	OGDH	Q02218	2-oxoglutarate dehydrogenase complex component E1
A	OGFOD1	Q8N543	Prolyl 3-hydroxylase OGFOD1
A	OIT3	Q8WWZ8	Oncoprotein-induced transcript 3 protein
A	OSBPL3	Q9H4L5	Oxysterol-binding protein-related protein 3
A	OTUD4	Q01804	OTU domain-containing protein 4
A	PADI6	Q6TGC4	Inactive protein-arginine deiminase type-6
A	PAK1IP1	Q9NWT1	p21-activated protein kinase-interacting protein 1
A	PAK5	Q9P286	Serine/threonine-protein kinase PAK 5
A	PALB2	Q86YC2	Partner and localizer of BRCA2
A	PARP11	Q9NR21	Protein mono-ADP-ribosyltransferase PARP11
A	PCID2	Q5JVF3	PCI domain-containing protein 2
A	PCLAF	Q15004	PCNA-associated factor
A	PCYT1A	P49585	Choline-phosphate cytidylyltransferase A
A	PDLIM2	Q96JY6	PDZ and LIM domain protein 2
A	PDPK1	O15530	3-phosphoinositide-dependent protein kinase 1
A	PDS5A	Q29RF7	Sister chromatid cohesion protein PDS5 homolog A
A	PEG10	Q86TG7	Retrotransposon-derived protein PEG10
A	PFDN2	Q9UHV9	Prefoldin subunit 2
A	PGBD1	Q96JS3	PiggyBac transposable element-derived protein 1
A	PGRMC2	O15173	Membrane-associated progesterone receptor component 2
A	PHACTR1	Q9C0D0	Phosphatase and actin regulator 1
A	PHAX	Q9H814	Phosphorylated adapter RNA export protein
A	PHF7	Q9BWX1	E3 ubiquitin-protein ligase PHF7
A	PHLDA1	Q8WV24	Pleckstrin homology-like domain family A member 1
A	PIBF1	Q8WXW3	Progesterone-induced-blocking factor 1
A	PIMREG	Q9BSJ6	Protein PIMREG
A	PIN4	Q9Y237	Peptidyl-prolyl cis-trans isomerase NIMA-interacting 4
A	PIP4K2A	P48426	Phosphatidylinositol 5-phosphate 4-kinase type-2 alpha
A	PIP4K2B	P78356	Phosphatidylinositol 5-phosphate 4-kinase type-2 beta
A	PKN2	Q16513	Serine/threonine-protein kinase N2
A	PLCB1	Q9NQ66	1-phosphatidylinositol 4,5-bisphosphate phosphodiesterase beta-1
A	PLCD4	Q9BRC7	1-phosphatidylinositol 4,5-bisphosphate phosphodiesterase delta-4
A	PLEKHA2	Q9HB19	Pleckstrin homology domain-containing family A member 2
A	PLEKHF1	Q96S99	Pleckstrin homology domain-containing family F member 1
A	PLK4	O00444	Serine/threonine-protein kinase PLK4
A	PLPP6	Q8IY26	Polyisoprenoid diphosphate/phosphate phosphohydrolase PLPP6
A	PLSCR3	Q9NRY6	Phospholipid scramblase 3
A	PLSCR4	Q9NRQ2	Phospholipid scramblase 4
A	PMS2	P54278	Mismatch repair endonuclease PMS2
A	PNISR	Q8TF01	Arginine/serine-rich protein PNISR
A	PNKP	Q96T60	Bifunctional polynucleotide phosphatase/kinase
A	PNMA1	Q8ND90	Paraneoplastic antigen Ma1
A	PNMA2	Q9UL42	Paraneoplastic antigen Ma2
A	PNMA3	Q9UL41	Paraneoplastic antigen Ma3
A	PNMA5	Q96PV4	Paraneoplastic antigen-like protein 5
A	POLD4	Q9HCU8	DNA polymerase delta subunit 4
A	POLDIP3	Q9BY77	Polymerase delta-interacting protein 3
A	POLE2	P56282	DNA polymerase epsilon subunit 2
A	POLE4	Q9NR33	DNA polymerase epsilon subunit 4
A	POLI	Q9UNA4	DNA polymerase iota
A	POLL	Q9UGP5	DNA polymerase lambda
A	POLM	Q9NP87	DNA-directed DNA/RNA polymerase mu
A	POLN	Q7Z5Q5	DNA polymerase nu
A	POLR1A	O95602	DNA-directed RNA polymerase I subunit RPA1
A	POLR1C	O15160	DNA-directed RNA polymerases I and III subunit RPAC1
A	POLR1E	Q9GZS1	DNA-directed RNA polymerase I subunit RPA49
A	POLR2E	P19388	DNA-directed RNA polymerases I, II, and III subunit RPABC1
A	POLR2G	P62487	DNA-directed RNA polymerase II subunit RPB7
A	POLR2J	P52435	DNA-directed RNA polymerase II subunit RPB11-a
A	POLR2J2	Q9GZM3	DNA-directed RNA polymerase II subunit RPB11-b1
A	POLR2J3	Q9H1A7	DNA-directed RNA polymerase II subunit RPB11-b2
A	POLR2L	P62875	DNA-directed RNA polymerases I, II, and III subunit RPABC5
A	POLR2M	P0CAP2	DNA-directed RNA polymerase II subunit GRINL1A
A	POLR3A	O14802	DNA-directed RNA polymerase III subunit RPC1
A	POLR3D	P05423	DNA-directed RNA polymerase III subunit RPC4
A	POLR3GL	Q9BT43	DNA-directed RNA polymerase III subunit RPC7-like
A	POP1	Q99575	Ribonucleases P/MRP protein subunit POP1
A	POP4	O95707	Ribonuclease P protein subunit p29
A	POP5	Q969H6	Ribonuclease P/MRP protein subunit POP5
A	PPIA	P62937	Peptidyl-prolyl cis-trans isomerase A
A	PPP1CB	P62140	Serine/threonine-protein phosphatase PP1-beta catalytic subunit
A	PPP1CC	P36873	Serine/threonine-protein phosphatase PP1-gamma catalytic subunit
A	PPP1R13B	Q96KQ4	Apoptosis-stimulating of p53 protein 1
A	PPP1R16B	Q96T49	Protein phosphatase 1 regulatory inhibitor subunit 16B
A	PPP2R3C	Q969Q6	Serine/threonine-protein phosphatase 2A regulatory subunit B'' subunit gamma
A	PPP2R5A	Q15172	Serine/threonine-protein phosphatase 2A 56 kDa regulatory subunit alpha isoform
A	PPP6R3	Q5H9R7	Serine/threonine-protein phosphatase 6 regulatory subunit 3
A	PRICKLE2	Q7Z3G6	Prickle-like protein 2
A	PRKCI	P41743	Protein kinase C iota type
A	PRKRIP1	Q9H875	PRKR-interacting protein 1
A	PRPF19	Q9UMS4	Pre-mRNA-processing factor 19
A	PRPF39	Q86UA1	Pre-mRNA-processing factor 39
A	PRPF40B	Q6NWY9	Pre-mRNA-processing factor 40 homolog B
A	PRR13	Q9NZ81	Proline-rich protein 13
A	PRR19	A6NJB7	Proline-rich protein 19
A	PSMA1	P25786	Proteasome subunit alpha type-1
A	PSMA3	P25788	Proteasome subunit alpha type-3
A	PSMA4	P25789	Proteasome subunit alpha type-4
A	PSMA6	P60900	Proteasome subunit alpha type-6
A	PSMB1	P20618	Proteasome subunit beta type-1
A	PSMB10	P40306	Proteasome subunit beta type-10
A	PSMB11	A5LHX3	Proteasome subunit beta type-11
A	PSMB3	P49720	Proteasome subunit beta type-3
A	PSMB4	P28070	Proteasome subunit beta type-4
A	PSMB8	P28062	Proteasome subunit beta type-8
A	PSMC1	P62191	26S proteasome regulatory subunit 4
A	PSMC6	P62333	26S proteasome regulatory subunit 10B
A	PSMD11	O00231	26S proteasome non-ATPase regulatory subunit 11
A	PSME3	P61289	Proteasome activator complex subunit 3
A	PSMG2	Q969U7	Proteasome assembly chaperone 2
A	PTK6	Q13882	Protein-tyrosine kinase 6
A	PTMA	P06454	Prothymosin alpha [Cleaved into: Prothymosin alpha, N-terminally processed; Thymosin alpha-1]
A	PTPA	Q15257	Serine/threonine-protein phosphatase 2A activator
A	PTPN23	Q9H3S7	Tyrosine-protein phosphatase non-receptor type 23
A	PTTG2	Q9NZH5	Securin-2
A	PYM1	Q9BRP8	Partner of Y14 and mago
A	QKI	Q96PU8	KH domain-containing RNA-binding protein QKI
A	R3HDM2	Q9Y2K5	R3H domain-containing protein 2
A	RAB3IP	Q96QF0	Rab-3A-interacting protein
A	RAC1	P63000	Ras-related C3 botulinum toxin substrate 1
A	RACGAP1	Q9H0H5	Rac GTPase-activating protein 1
A	RACK1	P63244	Small ribosomal subunit protein RACK1
A	RAD18	Q9NS91	E3 ubiquitin-protein ligase RAD18
A	RAD51B	O15315	DNA repair protein RAD51 homolog 2
A	RAD51D	O75771	DNA repair protein RAD51 homolog 4
A	RAD52	P43351	DNA repair protein RAD52 homolog
A	RALBP1	Q15311	RalA-binding protein 1
A	RALGDS	Q12967	Ral guanine nucleotide dissociation stimulator
A	RAMAC	Q9BTL3	RNA guanine-N7 methyltransferase activating subunit
A	RANBP9	Q96S59	Ran-binding protein 9
A	RAP1GDS1	P52306	Rap1 GTPase-GDP dissociation stimulator 1
A	RASL10A	Q92737	Ras-like protein family member 10A
A	RASSF2	P50749	Ras association domain-containing protein 2
A	RBIS	Q8N0T1	Ribosomal biogenesis factor
A	RBM12	Q9NTZ6	RNA-binding protein 12
A	RBM3	P98179	RNA-binding protein 3
A	RBM34	P42696	RNA-binding protein 34
A	RBM38	Q9H0Z9	RNA-binding protein 38
A	RBM45	Q8IUH3	RNA-binding protein 45
A	RBM47	A0AV96	RNA-binding protein 47
A	RBM4B	Q9BQ04	RNA-binding protein 4B
A	RBMS1	P29558	RNA-binding motif, single-stranded-interacting protein 1
A	RBMY1E	A6NEQ0	RNA-binding motif protein, Y chromosome, family 1 member E
A	RBPMS2	Q6ZRY4	RNA-binding protein with multiple splicing 2
A	RCHY1	Q96PM5	RING finger and CHY zinc finger domain-containing protein 1
A	RD3	Q7Z3Z2	Protein RD3
A	RFC2	P35250	Replication factor C subunit 2
A	RFC5	P40937	Replication factor C subunit 5
A	RGS17	Q9UGC6	Regulator of G-protein signaling 17
A	RGS20	O76081	Regulator of G-protein signaling 20
A	RGS3	P49796	Regulator of G-protein signaling 3
A	RHNO1	Q9BSD3	RAD9, HUS1, RAD1-interacting nuclear orphan protein 1
A	RHOB	P62745	Rho-related GTP-binding protein RhoB
A	RIDA	P52758	2-iminobutanoate/2-iminopropanoate deaminase
A	RIPPLY2	Q5TAB7	Protein ripply2
A	RIPPLY3	P57055	Protein ripply3
A	RMDN3	Q96TC7	Regulator of microtubule dynamics protein 3
A	RMI2	Q96E14	RecQ-mediated genome instability protein 2
A	RMND5A	Q9H871	E3 ubiquitin-protein transferase RMND5A
A	RNASEH2B	Q5TBB1	Ribonuclease H2 subunit B
A	RNF11	Q9Y3C5	RING finger protein 11
A	RNF114	Q9Y508	E3 ubiquitin-protein ligase RNF114
A	RNF115	Q9Y4L5	E3 ubiquitin-protein ligase RNF115
A	RNF126	Q9BV68	E3 ubiquitin-protein ligase RNF126
A	RNF13	O43567	E3 ubiquitin-protein ligase RNF13
A	RNF146	Q9NTX7	E3 ubiquitin-protein ligase RNF146
A	RNF34	Q969K3	E3 ubiquitin-protein ligase RNF34
A	RNF38	Q9H0F5	E3 ubiquitin-protein ligase RNF38
A	RNF7	Q9UBF6	RING-box protein 2
A	RP9	Q8TA86	Retinitis pigmentosa 9 protein
A	RPA1	P27694	Replication protein A 70 kDa DNA-binding subunit
A	RPA2	P15927	Replication protein A 32 kDa subunit
A	RPL3	P39023	Large ribosomal subunit protein uL3
A	RPP14	O95059	Ribonuclease P protein subunit p14
A	RPP25	Q9BUL9	Ribonuclease P protein subunit p25
A	RPP30	P78346	Ribonuclease P protein subunit p30
A	RPP40	O75818	Ribonuclease P protein subunit p40
A	RPS2	P15880	Small ribosomal subunit protein uS5
A	RPS27A	P62979	Ubiquitin-ribosomal protein eS31 fusion protein
A	RRAGA	Q7L523	Ras-related GTP-binding protein A
A	RSL24D1	Q9UHA3	Probable ribosome biogenesis protein RLP24
A	RTCA	O00442	RNA 3'-terminal phosphate cyclase
A	RUSC1	Q9BVN2	AP-4 complex accessory subunit RUSC1
A	SAAL1	Q96ER3	Protein SAAL1
A	SAE1	Q9UBE0	SUMO-activating enzyme subunit 1
A	SAMD1	Q6SPF0	Sterile alpha motif domain-containing protein 1
A	SAMD7	Q7Z3H4	Sterile alpha motif domain-containing protein 7
A	SAPCD2	Q86UD0	Suppressor APC domain-containing protein 2
A	SCAF1	Q9H7N4	Splicing factor, arginine/serine-rich 19
A	SCML1	Q9UN30	Sex comb on midleg-like protein 1
A	SCNM1	Q9BWG6	Sodium channel modifier 1
A	SDCBP2	Q9H190	Syntenin-2
A	SDE2	Q6IQ49	Splicing regulator SDE2
A	SEC13	P55735	Protein SEC13 homolog
A	SELENBP1	Q13228	Methanethiol oxidase
A	SEPHS1	P49903	Zincore component SEPHS1
A	SERGEF	Q9UGK8	Secretion-regulating guanine nucleotide exchange factor
A	SF3A2	Q15428	Splicing factor 3A subunit 2
A	SF3A3	Q12874	Splicing factor 3A subunit 3
A	SF3B2	Q13435	Splicing factor 3B subunit 2
A	SF3B4	Q15427	Splicing factor 3B subunit 4
A	SFN	P31947	14-3-3 protein sigma
A	SGK2	Q9HBY8	Serine/threonine-protein kinase Sgk2
A	SGO2	Q562F6	Shugoshin 2
A	SGTA	O43765	Small glutamine-rich tetratricopeptide repeat-containing protein alpha
A	SH3RF2	Q8TEC5	E3 ubiquitin-protein ligase SH3RF2
A	SHFL	Q9NUL5	Shiftless antiviral inhibitor of ribosomal frameshifting protein
A	SHMT2	P34897	Serine hydroxymethyltransferase, mitochondrial
A	SIAH1	Q8IUQ4	E3 ubiquitin-protein ligase SIAH1
A	SIK1	P57059	Serine/threonine-protein kinase SIK1
A	SINHCAF	Q9NP50	SIN3-HDAC complex-associated factor
A	SKIC2	Q15477	Superkiller complex protein 2
A	SKIC8	Q9GZS3	Superkiller complex protein 8
A	SLC39A9	Q9NUM3	Zinc transporter ZIP9
A	SLC4A1AP	Q9BWU0	Kanadaptin
A	SLF2	Q8IX21	SMC5-SMC6 complex localization factor protein 2
A	SLIRP	Q9GZT3	SRA stem-loop-interacting RNA-binding protein, mitochondrial
A	SMC6	Q96SB8	Structural maintenance of chromosomes protein 6
A	SMG5	Q9UPR3	Nonsense-mediated mRNA decay factor SMG5
A	SMG6	Q86US8	Telomerase-binding protein EST1A
A	SMN1	Q16637	Survival motor neuron protein
A	SMNDC1	O75940	Survival of motor neuron-related-splicing factor 30
A	SMTNL1	A8MU46	Smoothelin-like protein 1
A	SMUG1	Q53HV7	Single-strand selective monofunctional uracil DNA glycosylase
A	SNAPC1	Q16533	snRNA-activating protein complex subunit 1
A	SNAPC3	Q92966	snRNA-activating protein complex subunit 3
A	SNCA	P37840	Alpha-synuclein
A	SNRNP25	Q9BV90	U11/U12 small nuclear ribonucleoprotein 25 kDa protein
A	SNRPA1	P09661	U2 small nuclear ribonucleoprotein A'
A	SNRPB	P14678	Small nuclear ribonucleoprotein-associated proteins B and B'
A	SNRPB2	P08579	U2 small nuclear ribonucleoprotein B''
A	SNRPD1	P62314	Small nuclear ribonucleoprotein Sm D1
A	SNRPD2	P62316	Small nuclear ribonucleoprotein Sm D2
A	SNRPD3	P62318	Small nuclear ribonucleoprotein Sm D3
A	SNRPF	P62306	Small nuclear ribonucleoprotein F
A	SNRPG	P62308	Small nuclear ribonucleoprotein G
A	SNX20	Q7Z614	Sorting nexin-20
A	SOCS7	O14512	Suppressor of cytokine signaling 7
A	SORBS1	Q9BX66	Sorbin and SH3 domain-containing protein 1
A	SPANXB1	Q9NS25	Sperm protein associated with the nucleus on the X chromosome B1
A	SPANXD	Q9BXN6	Sperm protein associated with the nucleus on the X chromosome D
A	SPATA2	Q9UM82	Spermatogenesis-associated protein 2
A	SPATA24	Q86W54	Spermatogenesis-associated protein 24
A	SPATA46	Q5T0L3	Spermatogenesis-associated protein 46
A	SPC24	Q8NBT2	Kinetochore protein Spc24
A	SPC25	Q9HBM1	Kinetochore protein Spc25
A	SPDL1	Q96EA4	Protein Spindly
A	SPDYA	Q5MJ70	Speedy protein A
A	SPMIP6	Q8NCR6	Sperm microtubule inner protein 6
A	SPMIP9	Q96LM6	Protein SPMIP9
A	SPO11	Q9Y5K1	Meiotic recombination protein SPO11
A	SPOPL	Q6IQ16	Speckle-type POZ protein-like
A	SPRED1	Q7Z699	Sprouty-related, EVH1 domain-containing protein 1
A	SPRTN	Q9H040	DNA-dependent metalloprotease SPRTN
A	SPSB3	Q6PJ21	SPRY domain-containing SOCS box protein 3
A	SRGAP2	O75044	SLIT-ROBO Rho GTPase-activating protein 2
A	SRPK1	Q96SB4	SRSF protein kinase 1
A	SRSF4	Q08170	Serine/arginine-rich splicing factor 4
A	SSBP4	Q9BWG4	Single-stranded DNA-binding protein 4
A	SSU72L4	A0A1W2PQC6	RNA polymerase II subunit A C-terminal domain phosphatase SSU72 like protein 4
A	SSUH2	Q9Y2M2	Protein SSUH2 homolog
A	SSX2IP	Q9Y2D8	Afadin- and alpha-actinin-binding protein
A	STAMBP	O95630	STAM-binding protein
A	STEEP1	Q9H5V9	STING ER exit protein
A	STH	Q8IWL8	Saitohin
A	STIP1	P31948	Stress-induced-phosphoprotein 1
A	STK40	Q8N2I9	Serine/threonine-protein kinase 40
A	STN1	Q9H668	CST complex subunit STN1
A	STRA8	Q7Z7C7	Stimulated by retinoic acid gene 8 protein homolog
A	STYX	Q8WUJ0	Serine/threonine/tyrosine-interacting protein
A	SULT2B1	O00204	Sulfotransferase 2B1
A	SUMO1P1	G2XKQ0	Small ubiquitin-related modifier 5
A	SUMO2	P61956	Small ubiquitin-related modifier 2
A	SUMO3	P55854	Small ubiquitin-related modifier 3
A	SWAP70	Q9UH65	Switch-associated protein 70
A	SYCE1	Q8N0S2	Synaptonemal complex central element protein 1
A	SYCE3	A1L190	Synaptonemal complex central element protein 3
A	SYNE2	Q8WXH0	Nesprin-2
A	SYNE4	Q8N205	Nesprin-4
A	TARDBP	Q13148	TAR DNA-binding protein 43
A	TARS3	A2RTX5	Threonine--tRNA ligase 2, cytoplasmic
A	TBC1D1	Q86TI0	TBC1 domain family member 1
A	TBL3	Q12788	Transducin beta-like protein 3
A	TBRG1	Q3YBR2	Transforming growth factor beta regulator 1
A	TCEA3	O75764	Transcription elongation factor A protein 3
A	TCL1A	P56279	T-cell leukemia/lymphoma protein 1A
A	TENM4	Q6N022	Teneurin-4
A	TENT5B	Q96A09	Terminal nucleotidyltransferase 5B
A	TENT5C	Q5VWP2	Terminal nucleotidyltransferase 5C
A	TEP1	Q99973	Telomerase protein component 1
A	TERB2	Q8NHR7	Telomere repeats-binding bouquet formation protein 2
A	TESMIN	Q9Y4I5	Tesmin
A	TEX264	Q9Y6I9	Testis-expressed protein 264
A	TH	P07101	Tyrosine 3-monooxygenase
A	TIAL1	Q01085	Nucleolysin TIAR
A	TINF2	Q9BSI4	TERF1-interacting nuclear factor 2
A	TIPIN	Q9BVW5	TIMELESS-interacting protein
A	TMC6	Q7Z403	Transmembrane channel-like protein 6
A	TMEM120B	A0PK00	Transmembrane protein 120B
A	TMEM147	Q9BVK8	BOS complex subunit TMEM147
A	TMEM201	Q5SNT2	Transmembrane protein 201
A	TMEM97	Q5BJF2	Sigma intracellular receptor 2
A	TNFAIP1	Q13829	BTB/POZ domain-containing adapter for CUL3-mediated RhoA degradation protein 2
A	TNK2	Q07912	Activated CDC42 kinase 1
A	TNMD	Q9H2S6	Tenomodulin
A	TNPO2	O14787	Transportin-2
A	TOPBP1	Q92547	DNA topoisomerase 2-binding protein 1
A	TP53BP2	Q13625	Apoptosis-stimulating of p53 protein 2
A	TPPP	O94811	Tubulin polymerization-promoting protein
A	TPRKB	Q9Y3C4	EKC/KEOPS complex subunit TPRKB
A	TRA2A	Q13595	Transformer-2 protein homolog alpha
A	TRAF4	Q9BUZ4	TNF receptor-associated factor 4
A	TRAF7	Q6Q0C0	E3 ubiquitin-protein ligase TRAF7
A	TRAPPC12	Q8WVT3	Trafficking protein particle complex subunit 12
A	TRAPPC2B	P0DI82	Trafficking protein particle complex subunit 2B
A	TRIM26	Q12899	Tripartite motif-containing protein 26
A	TRIM35	Q9UPQ4	E3 ubiquitin-protein ligase TRIM35
A	TRIM39	Q9HCM9	E3 ubiquitin-protein ligase TRIM39
A	TRIM41	Q8WV44	E3 ubiquitin-protein ligase TRIM41
A	TRIM45	Q9H8W5	E3 ubiquitin-protein ligase TRIM45
A	TRIM68	Q6AZZ1	E3 ubiquitin-protein ligase TRIM68
A	TRIM69	Q86WT6	E3 ubiquitin-protein ligase TRIM69
A	TSN	Q15631	Translin
A	TSNAX	Q99598	Translin-associated protein X
A	TSPY10	P0CW01	Testis-specific Y-encoded protein 10
A	TSPY2	A6NKD2	Testis-specific Y-encoded protein 2
A	TSPY3	P0CV98	Testis-specific Y-encoded protein 3
A	TSPYL1	Q9H0U9	Testis-specific Y-encoded-like protein 1
A	TSSC4	Q9Y5U2	U5 small nuclear ribonucleoprotein TSSC4
A	TTC4	O95801	Hsp70/Hsp90 co-chaperone CNS1 homolog
A	TTC5	Q8N0Z6	Tetratricopeptide repeat protein 5
A	TXNDC9	O14530	Thioredoxin domain-containing protein 9
A	TXNL4B	Q9NX01	Thioredoxin-like protein 4B
A	U2AF1L4	Q8WU68	Splicing factor U2AF 26 kDa subunit
A	U2SURP	O15042	U2 snRNP-associated SURP motif-containing protein
A	UBA2	Q9UBT2	SUMO-activating enzyme subunit 2
A	UBA52	P62987	Ubiquitin-ribosomal protein eL40 fusion protein
A	UBAP2	Q5T6F2	Ubiquitin-associated protein 2
A	UBAP2L	Q14157	Ubiquitin-associated protein 2-like
A	UBASH3A	P57075	Ubiquitin-associated and SH3 domain-containing protein A
A	UBASH3B	Q8TF42	Ubiquitin-associated and SH3 domain-containing protein B
A	UBE2E3	Q969T4	Ubiquitin-conjugating enzyme E2 E3
A	UBE2O	Q9C0C9	(E3-independent) E2 ubiquitin-conjugating enzyme
A	UBE2V1	Q13404	Ubiquitin-conjugating enzyme E2 variant 1
A	UBE2Z	Q9H832	Ubiquitin-conjugating enzyme E2 Z
A	UBE3A	Q05086	Ubiquitin-protein ligase E3A
A	UBIAD1	Q9Y5Z9	UbiA prenyltransferase domain-containing protein 1
A	UBL4A	P11441	Ubiquitin-like protein 4A
A	UBL5	Q9BZL1	Ubiquitin-like protein 5
A	UBLCP1	Q8WVY7	Ubiquitin-like domain-containing CTD phosphatase 1
A	UBQLN1	Q9UMX0	Ubiquilin-1
A	UBQLN2	Q9UHD9	Ubiquilin-2
A	UBXN2B	Q14CS0	UBX domain-containing protein 2B
A	UBXN7	O94888	UBX domain-containing protein 7
A	UFSP2	Q9NUQ7	Ufm1-specific protease 2
A	UNC45A	Q9H3U1	Protein unc-45 homolog A
A	UNC50	Q53HI1	Protein unc-50 homolog
A	UNKL	Q9H9P5	Putative E3 ubiquitin-protein ligase UNKL
A	UPRT	Q96BW1	Uracil phosphoribosyltransferase homolog
A	USH1G	Q495M9	pre-mRNA splicing regulator USH1G
A	USP27X	A6NNY8	Ubiquitin carboxyl-terminal hydrolase 27
A	USP28	Q96RU2	Ubiquitin carboxyl-terminal hydrolase 28
A	USP37	Q86T82	Ubiquitin carboxyl-terminal hydrolase 37
A	USP38	Q8NB14	Ubiquitin carboxyl-terminal hydrolase 38
A	USP48	Q86UV5	Ubiquitin carboxyl-terminal hydrolase 48
A	USP5	P45974	Ubiquitin carboxyl-terminal hydrolase 5
A	UTP14A	Q9BVJ6	U3 small nucleolar RNA-associated protein 14 homolog A
A	UTP14C	Q5TAP6	U3 small nucleolar RNA-associated protein 14 homolog C
A	UTP23	Q9BRU9	rRNA-processing protein UTP23 homolog
A	UTP25	Q68CQ4	U3 small nucleolar RNA-associated protein 25 homolog
A	UTP3	Q9NQZ2	Something about silencing protein 10
A	UTP6	Q9NYH9	U3 small nucleolar RNA-associated protein 6 homolog
A	VAPA	Q9P0L0	Vesicle-associated membrane protein-associated protein A
A	VBP1	P61758	Prefoldin subunit 3
A	VCP	P55072	Transitional endoplasmic reticulum ATPase
A	VEZT	Q9HBM0	Vezatin
A	VIM	P08670	Vimentin
A	VPS25	Q9BRG1	Vacuolar protein-sorting-associated protein 25
A	VRTN	Q9H8Y1	Vertnin
A	VXN	Q8TAG6	Vexin
A	WDFY3	Q8IZQ1	WD repeat and FYVE domain-containing protein 3
A	WDR18	Q9BV38	WD repeat-containing protein 18
A	WDR20	Q8TBZ3	WD repeat-containing protein 20
A	WDR3	Q9UNX4	WD repeat-containing protein 3
A	WDR37	Q9Y2I8	WD repeat-containing protein 37
A	WDR48	Q8TAF3	WD repeat-containing protein 48
A	WDR55	Q9H6Y2	WD repeat-containing protein 55
A	WDR5B	Q86VZ2	WD repeat-containing protein 5B
A	WDR83	Q9BRX9	WD repeat domain-containing protein 83
A	WEE1	P30291	Wee1-like protein kinase
A	WHR1	P49842	Winged helix repair factor 1
A	XAB2	Q9HCS7	Pre-mRNA-splicing factor SYF1
A	XRCC2	O43543	DNA repair protein XRCC2
A	XRCC3	O43542	DNA repair protein XRCC3
A	XRCC4	Q13426	DNA repair protein XRCC4
A	YJU2B	P13994	Probable splicing factor YJU2B
A	YPEL3	P61236	Protein yippee-like 3
A	YPEL5	P62699	Protein yippee-like 5
A	YTHDF2	Q9Y5A9	YTH domain-containing family protein 2
A	ZC3H10	Q96K80	Zinc finger CCCH domain-containing protein 10
A	ZC3H14	Q6PJT7	Zinc finger CCCH domain-containing protein 14
A	ZC3H15	Q8WU90	Zinc finger CCCH domain-containing protein 15
A	ZC3H7A	Q8IWR0	Zinc finger CCCH domain-containing protein 7A
A	ZC4H2	Q9NQZ6	Zinc finger C4H2 domain-containing protein
A	ZCCHC17	Q9NP64	Zinc finger CCHC domain-containing protein 17
A	ZCCHC7	Q8N3Z6	Zinc finger CCHC domain-containing protein 7
A	ZCCHC8	Q6NZY4	Zinc finger CCHC domain-containing protein 8
A	ZCCHC9	Q8N567	Zinc finger CCHC domain-containing protein 9
A	ZFC3H1	O60293	Zinc finger C3H1 domain-containing protein
A	ZFP36L2	P47974	mRNA decay activator protein ZFP36L2
A	ZMAT5	Q9UDW3	Zinc finger matrin-type protein 5
A	ZMYM6	O95789	Zinc finger MYM-type protein 6
A	ZNF330	Q9Y3S2	Zinc finger protein 330
A	ZRANB1	Q9UGI0	Ubiquitin thioesterase ZRANB1
A	ZRSR2P1	Q15695	U2 small nuclear ribonucleoprotein auxiliary factor 35 kDa subunit-related protein 1
A	ZWINT	O95229	Outer kinetochore KNL1 complex subunit ZWINT
A	ZYX	Q15942	Zyxin
B1		A6NJR5	Putative speedy protein-like protein 3
B1		A8MVJ9	Putative histone PARylation factor 1-like
B1	AAMP	Q13685	Angio-associated migratory cell protein
B1	ABTB1	Q969K4	Ankyrin repeat and BTB/POZ domain-containing protein 1
B1	ACTG1	P63261	Actin, cytoplasmic 2
B1	ACTR10	Q9NZ32	Actin-related protein 10
B1	ACY3	Q96HD9	N-acyl-aromatic-L-amino acid amidohydrolase
B1	AGGF1	Q8N302	Angiogenic factor with G patch and FHA domains 1
B1	AIP	O00170	AH receptor-interacting protein
B1	AKAP14	Q86UN6	A-kinase anchor protein 14
B1	ALG13	Q9NP73	UDP-N-acetylglucosamine transferase subunit ALG13
B1	AMD1	P17707	S-adenosylmethionine decarboxylase proenzyme
B1	ANAPC2	Q9UJX6	Anaphase-promoting complex subunit 2
B1	ANKHD1	Q8IWZ3	Ankyrin repeat and KH domain-containing protein 1
B1	ANKRA2	Q9H9E1	Ankyrin repeat family A protein 2
B1	ANKRD10	Q9NXR5	Ankyrin repeat domain-containing protein 10
B1	ANKRD40	Q6AI12	Ankyrin repeat domain-containing protein 40
B1	ARL14EP	Q8N8R7	ARL14 effector protein
B1	ARL14EPL	P0DKL9	ARL14 effector protein-like
B1	ARMC7	Q9H6L4	Armadillo repeat-containing protein 7
B1	ARPC5L	Q9BPX5	Actin-related protein 2/3 complex subunit 5-like protein
B1	ARPIN	Q7Z6K5	Arpin
B1	ATG4B	Q9Y4P1	Cysteine protease ATG4B
B1	ATXN7L1	Q9ULK2	Ataxin-7-like protein 1
B1	ATXN7L2	Q5T6C5	Ataxin-7-like protein 2
B1	AVPI1	Q5T686	Arginine vasopressin-induced protein 1
B1	BAG5	Q9UL15	BAG family molecular chaperone regulator 5
B1	BCDIN3D	Q7Z5W3	RNA 5'-monophosphate methyltransferase
B1	BCL2L15	Q5TBC7	Bcl-2-like protein 15
B1	BCL7A	Q4VC05	B-cell CLL/lymphoma 7 protein family member A
B1	BCL7B	Q9BQE9	B-cell CLL/lymphoma 7 protein family member B
B1	BCL7C	Q8WUZ0	B-cell CLL/lymphoma 7 protein family member C
B1	BEND5	Q7L4P6	BEN domain-containing protein 5
B1	BEND7	Q8N7W2	BEN domain-containing protein 7
B1	BEX5	Q5H9J7	Protein BEX5
B1	BICRAL	Q6AI39	BRD4-interacting chromatin-remodeling complex-associated protein-like
B1	BMF	Q96LC9	Bcl-2-modifying factor
B1	BOD1	Q96IK1	Biorientation of chromosomes in cell division protein 1
B1	BOD1L2	Q8IYS8	Biorientation of chromosomes in cell division protein 1-like 2
B1	BOLL	Q8N9W6	Protein boule-like
B1	BORA	Q6PGQ7	Protein aurora borealis
B1	BRME1	Q0VDD7	Break repair meiotic recombinase recruitment factor 1
B1	BTBD1	Q9H0C5	BTB/POZ domain-containing protein 1
B1	BTBD2	Q9BX70	BTB/POZ domain-containing protein 2
B1	BTBD6	Q96KE9	BTB/POZ domain-containing protein 6
B1	BTF3L4	Q96K17	Transcription factor BTF3 homolog 4
B1	C11ORF16	Q9NQ32	Uncharacterized protein C11orf16
B1	C11ORF68	Q9H3H3	UPF0696 protein C11orf68
B1	C14ORF119	Q9NWQ9	Uncharacterized protein C14orf119
B1	C16ORF87	Q6PH81	UPF0547 protein C16orf87
B1	C17ORF50	Q8WW18	Uncharacterized protein C17orf50
B1	C19ORF47	Q8N9M1	Uncharacterized protein C19orf47
B1	C1ORF50	Q9BV19	Uncharacterized protein C1orf50
B1	C1ORF94	Q6P1W5	Uncharacterized protein C1orf94
B1	C2ORF42	Q9NWW7	Uncharacterized protein C2orf42
B1	C2ORF76	Q3KRA6	UPF0538 protein C2orf76
B1	C5ORF24	Q7Z6I8	UPF0461 protein C5orf24
B1	CABLES2	Q9BTV7	CDK5 and ABL1 enzyme substrate 2
B1	CALCOCO2	Q13137	Calcium-binding and coiled-coil domain-containing protein 2
B1	CAPRIN1	Q14444	Caprin-1
B1	CAPZB	P47756	F-actin-capping protein subunit beta
B1	CASP3	P42574	Caspase-3
B1	CCAR1	Q8IX12	Cell division cycle and apoptosis regulator protein 1
B1	CCDC12	Q8WUD4	Coiled-coil domain-containing protein 12
B1	CCDC184	Q52MB2	Coiled-coil domain-containing protein 184
B1	CCDC6	Q16204	Coiled-coil domain-containing protein 6
B1	CCDC82	Q8N4S0	Coiled-coil domain-containing protein 82
B1	CCDC9	Q9Y3X0	Coiled-coil domain-containing protein 9
B1	CCNB2	O95067	G2/mitotic-specific cyclin-B2
B1	CCNG2	Q16589	Cyclin-G2
B1	CCNI2	Q6ZMN8	Cyclin-I2
B1	CCNJ	Q5T5M9	Cyclin-J
B1	CCNJL	Q8IV13	Cyclin-J-like protein
B1	CCNYL1	Q8N7R7	Cyclin-Y-like protein 1
B1	CDC20B	Q86Y33	Cell division cycle protein 20 homolog B
B1	CDC23	Q9UJX2	Cell division cycle protein 23 homolog
B1	CDC25A	P30304	M-phase inducer phosphatase 1
B1	CDC25B	P30305	M-phase inducer phosphatase 2
B1	CDC37	Q16543	Hsp90 co-chaperone Cdc37
B1	CDK16	Q00536	Cyclin-dependent kinase 16
B1	CDK18	Q07002	Cyclin-dependent kinase 18
B1	CDKL3	Q8IVW4	Cyclin-dependent kinase-like 3
B1	CDPF1	Q6NVV7	Cysteine-rich DPF motif domain-containing protein 1
B1	CENATAC	Q86UT8	Centrosomal AT-AC splicing factor
B1	CHERP	Q8IWX8	Calcium homeostasis endoplasmic reticulum protein
B1	CHLSN	Q9BRJ6	Protein cholesin
B1	CIAO1	O76071	Probable cytosolic iron-sulfur protein assembly protein CIAO1
B1	CRLF3	Q8IUI8	Cytokine receptor-like factor 3
B1	CSNK2A3	Q8NEV1	Casein kinase II subunit alpha 3
B1	CT55	Q8WUE5	Cancer/testis antigen 55
B1	CTAG1A;CTAG1B	P78358	Cancer/testis antigen 1
B1	CTAG2	O75638	Cancer/testis antigen 2
B1	CUL9	Q8IWT3	Cullin-9
B1	CWF19L2	Q2TBE0	CWF19-like protein 2
B1	DARS1	P14868	Aspartate--tRNA ligase, cytoplasmic
B1	DCAF10	Q5QP82	DDB1- and CUL4-associated factor 10
B1	DCAF8L1	A6NGE4	DDB1- and CUL4-associated factor 8-like protein 1
B1	DDA1	Q9BW61	DET1- and DDB1-associated protein 1
B1	DDIT4L	Q96D03	DNA damage-inducible transcript 4-like protein
B1	DHX40	Q8IX18	Probable ATP-dependent RNA helicase DHX40
B1	DHX57	Q6P158	Putative ATP-dependent RNA helicase DHX57
B1	DNAAF11	Q86X45	Dynein axonemal assembly factor 11
B1	DNAJA4	Q8WW22	DnaJ homolog subfamily A member 4
B1	DNAJB4	Q9UDY4	DnaJ homolog subfamily B member 4
B1	DNAL1	Q4LDG9	Dynein axonemal light chain 1
B1	DPCD	Q9BVM2	Protein DPCD
B1	DPEP2NB	A0A0U1RQF7	DPEP2 neighbor protein
B1	DUSP19	Q8WTR2	Dual specificity protein phosphatase 19
B1	DUSP28	Q4G0W2	Dual specificity phosphatase 28
B1	DUT	P33316	Deoxyuridine 5'-triphosphate nucleotidohydrolase, mitochondrial
B1	DYNC2I2	Q96EX3	Cytoplasmic dynein 2 intermediate chain 2
B1	EDC3	Q96F86	Enhancer of mRNA-decapping protein 3
B1	EIF2B1	Q14232	Translation initiation factor eIF2B subunit alpha
B1	EIF2B2	P49770	Translation initiation factor eIF2B subunit beta
B1	EIF2S1	P05198	Eukaryotic translation initiation factor 2 subunit 1
B1	EIF2S2	P20042	Eukaryotic translation initiation factor 2 subunit 2
B1	EIF3A	Q14152	Eukaryotic translation initiation factor 3 subunit A
B1	EIF3B	P55884	Eukaryotic translation initiation factor 3 subunit B
B1	EIF4A2	Q14240	Eukaryotic initiation factor 4A-II
B1	EMC8	O43402	ER membrane protein complex subunit 8
B1	ENOX1	Q8TC92	Ecto-NOX disulfide-thiol exchanger 1
B1	ENOX2	Q16206	Ecto-NOX disulfide-thiol exchanger 2
B1	FAM118A	Q9NWS6	Protein FAM118A
B1	FAM133A	Q8N9E0	Protein FAM133A
B1	FAM156A;FAM156B	Q8NDB6	Protein FAM156A/FAM156B
B1	FAM168B	A1KXE4	Myelin-associated neurite-outgrowth inhibitor
B1	FAM199X	Q6PEV8	Protein FAM199X
B1	FAM217B	Q9NTX9	Protein FAM217B
B1	FAM221A	A4D161	Protein FAM221A
B1	FAM221B	A6H8Z2	Protein FAM221B
B1	FAM222B	Q8WU58	Protein FAM222B
B1	FAM228A	Q86W67	Protein FAM228A
B1	FAM50B	Q9Y247	Protein FAM50B
B1	FAM53C	Q9NYF3	Protein FAM53C
B1	FAM72B	Q86X60	Protein FAM72B
B1	FAM72D	Q6L9T8	Protein FAM72D
B1	FAM90A1	Q86YD7	Protein FAM90A1
B1	FBXL18	Q96ME1	F-box/LRR-repeat protein 18
B1	FBXO21	O94952	F-box only protein 21
B1	FBXO39	Q8N4B4	F-box only protein 39
B1	FBXO43	Q4G163	F-box only protein 43
B1	FBXO9	Q9UK97	F-box only protein 9
B1	FDXACB1	Q9BRP7	Ferredoxin-fold anticodon-binding domain-containing protein 1
B1	FNDC8	Q8TC99	Fibronectin type III domain-containing protein 8
B1	GAGE1	P0DTW1	G antigen 1
B1	GIGYF1	O75420	GRB10-interacting GYF protein 1
B1	GLMN	Q92990	Glomulin
B1	GOLPH3L	Q9H4A5	Golgi phosphoprotein 3-like
B1	GPANK1	O95872	G patch domain and ankyrin repeat-containing protein 1
B1	GPATCH11	Q8N954	G patch domain-containing protein 11
B1	GPATCH2L	Q9NWQ4	G patch domain-containing protein 2-like
B1	GPATCH8	Q9UKJ3	G patch domain-containing protein 8
B1	GTSE1	Q9NYZ3	G2 and S phase-expressed protein 1
B1	GTSF1L	Q9H1H1	Gametocyte-specific factor 1-like
B1	HAUS1	Q96CS2	HAUS augmin-like complex subunit 1
B1	HAUS3	Q68CZ6	HAUS augmin-like complex subunit 3
B1	HAUS7	Q99871	HAUS augmin-like complex subunit 7
B1	HECTD1	Q9ULT8	E3 ubiquitin-protein ligase HECTD1
B1	HNRNPLL	Q8WVV9	Heterogeneous nuclear ribonucleoprotein L-like
B1	HSF2BP	O75031	Heat shock factor 2-binding protein
B1	HSPBP1	Q9NZL4	Hsp70-binding protein 1
B1	HSPH1	Q92598	Heat shock protein 105 kDa
B1	IFRD2	Q12894	Interferon-related developmental regulator 2
B1	IGBP1	P78318	Immunoglobulin-binding protein 1
B1	IHO1	Q8IYA8	Interactor of HORMAD1 protein 1
B1	INSYN1	Q2T9L4	Inhibitory synaptic factor 1
B1	IP6K3	Q96PC2	Inositol hexakisphosphate kinase 3
B1	JMJD4	Q9H9V9	2-oxoglutarate and iron-dependent oxygenase JMJD4
B1	KANSL1L	A0AUZ9	KAT8 regulatory NSL complex subunit 1-like protein
B1	KCTD14	Q9BQ13	BTB/POZ domain-containing protein KCTD14
B1	KCTD17	Q8N5Z5	BTB/POZ domain-containing protein KCTD17
B1	KCTD20	Q7Z5Y7	BTB/POZ domain-containing protein KCTD20
B1	KCTD6	Q8NC69	BTB/POZ domain-containing protein KCTD6
B1	KCTD7	Q96MP8	BTB/POZ domain-containing protein KCTD7
B1	KIAA1958	Q8N8K9	Uncharacterized protein KIAA1958
B1	KIF11	P52732	Kinesin-like protein KIF11
B1	KIF24	Q5T7B8	Kinesin-like protein KIF24
B1	KIFAP3	Q92845	Kinesin-associated protein 3
B1	KIZ	Q2M2Z5	Centrosomal protein kizuna
B1	KLHDC7B	Q96G42	Kelch domain-containing protein 7B
B1	KLHDC8B	Q8IXV7	Kelch domain-containing protein 8B
B1	KLHL11	Q9NVR0	Kelch-like protein 11
B1	KLHL21	Q9UJP4	Kelch-like protein 21
B1	KLHL24	Q6TFL4	Kelch-like protein 24
B1	KLHL29	Q96CT2	Kelch-like protein 29
B1	KLHL4	Q9C0H6	Kelch-like protein 4
B1	KLHL42	Q9P2K6	Kelch-like protein 42
B1	KLHL6	Q8WZ60	Kelch-like protein 6
B1	KLHL8	Q9P2G9	Kelch-like protein 8
B1	KPNA5	O15131	Importin subunit alpha-6
B1	KPNA6	O60684	Importin subunit alpha-7
B1	KRABD2	Q6ZNG9	KRAB domain-containing protein 2
B1	KRABD4	Q5JUW0	KRAB domain-containing protein 4
B1	KTI12	Q96EK9	Protein KTI12 homolog
B1	LARP1B	Q659C4	La-related protein 1B
B1	LEMD1	Q68G75	LEM domain-containing protein 1
B1	LENG1	Q96BZ8	Leukocyte receptor cluster member 1
B1	LENG8	Q96PV6	Leukocyte receptor cluster member 8
B1	LGALS9C	Q6DKI2	Galectin-9C
B1	LIG3	P49916	DNA ligase 3
B1	LIN37	Q96GY3	Protein lin-37 homolog
B1	LIX1	Q8N485	Protein limb expression 1 homolog
B1	LMO4	P61968	LIM domain transcription factor LMO4
B1	LONRF1	Q17RB8	LON peptidase N-terminal domain and RING finger protein 1
B1	LRMDA	Q9H2I8	Leucine-rich melanocyte differentiation-associated protein
B1	LUC7L	Q9NQ29	Putative RNA-binding protein Luc7-like 1
B1	M1AP	Q8TC57	Meiosis 1 arrest protein
B1	MAGEA12	P43365	Melanoma-associated antigen 12
B1	MAGEA3	P43357	Melanoma-associated antigen 3
B1	MAGEA4	P43358	Melanoma-associated antigen 4
B1	MAGEA6	P43360	Melanoma-associated antigen 6
B1	MAGEA8	P43361	Melanoma-associated antigen 8
B1	MAGEB18	Q96M61	Melanoma-associated antigen B18
B1	MAGEB2	O15479	Melanoma-associated antigen B2
B1	MAGEB4	O15481	Melanoma-associated antigen B4
B1	MAGEB6	Q8N7X4	Melanoma-associated antigen B6
B1	MAGEC3	Q8TD91	Melanoma-associated antigen C3
B1	MAGEH1	Q9H213	Melanoma-associated antigen H1
B1	MAPK1IP1L	Q8NDC0	MAPK-interacting and spindle-stabilizing protein-like
B1	MARCHF7	Q9H992	E3 ubiquitin-protein ligase MARCHF7
B1	MB21D2	Q8IYB1	Nucleotidyltransferase MB21D2
B1	MBD3L2B	A0A1B0GVZ6	Methyl-CpG-binding domain protein 3-like 2B
B1	MBD3L4	A6NDZ8	Methyl-CpG-binding domain protein 3-like 4
B1	MIS12	Q9H081	Protein MIS12 homolog
B1	MIX23	Q4VC31	Protein MIX23
B1	MKNK1	Q9BUB5	MAP kinase-interacting serine/threonine-protein kinase 1
B1	MKRN1	Q9UHC7	E3 ubiquitin-protein ligase makorin-1
B1	MOAP1	Q96BY2	Modulator of apoptosis 1
B1	MPPED2	Q15777	Metallophosphoesterase MPPED2
B1	MSH3	P20585	DNA mismatch repair protein Msh3
B1	MSI2	Q96DH6	RNA-binding protein Musashi homolog 2
B1	N4BP2L2	Q92802	NEDD4-binding protein 2-like 2
B1	NAA35	Q5VZE5	N-alpha-acetyltransferase 35, NatC auxiliary subunit
B1	NANOS1	Q8WY41	Nanos homolog 1
B1	NANOS2	P60321	Nanos homolog 2
B1	NEK8	Q86SG6	Serine/threonine-protein kinase Nek8
B1	NFKBIE	O00221	NF-kappa-B inhibitor epsilon
B1	NGLY1	Q96IV0	Peptide-N(4)-(N-acetyl-beta-glucosaminyl)asparagine amidase
B1	NKAPD1	Q6ZUT1	Uncharacterized protein NKAPD1
B1	NOL4L	Q96MY1	Nucleolar protein 4-like
B1	NPIPB5	A8MRT5	Nuclear pore complex-interacting protein family member B5
B1	NPRL2	Q8WTW4	GATOR1 complex protein NPRL2
B1	NTAN1	Q96AB6	Protein N-terminal asparagine amidohydrolase
B1	NUDT10	Q8NFP7	Diphosphoinositol polyphosphate phosphohydrolase 3-alpha
B1	NUDT11	Q96G61	Diphosphoinositol polyphosphate phosphohydrolase 3-beta
B1	NUDT18	Q6ZVK8	8-oxo-dGDP phosphatase NUDT18
B1	NUDT22	Q9BRQ3	Uridine diphosphate glucose pyrophosphatase NUDT22
B1	NUDT4	Q9NZJ9	Diphosphoinositol polyphosphate phosphohydrolase 2
B1	NUTM2F	A1L443	NUT family member 2F
B1	ODC1	P11926	Ornithine decarboxylase
B1	OSER1	Q9NX31	Oxidative stress-responsive serine-rich protein 1
B1	PCBP3	P57721	Poly(rC)-binding protein 3
B1	PCED1A	Q9H1Q7	PC-esterase domain-containing protein 1A
B1	PCYT2	Q99447	Ethanolamine-phosphate cytidylyltransferase
B1	PEF1	Q9UBV8	Peflin
B1	PELI1	Q96FA3	E3 ubiquitin-protein ligase pellino homolog 1
B1	PELI2	Q9HAT8	E3 ubiquitin-protein ligase pellino homolog 2
B1	PELO	Q9BRX2	Protein pelota homolog
B1	PHAF1	Q9BSU1	Phagosome assembly factor 1
B1	PHF21B	Q96EK2	PHD finger protein 21B
B1	PHF3	Q92576	PHD finger protein 3
B1	PIDD1	C0HMD6	PIDD1 alternative open reading frame protein
B1	PIH1D2	Q8WWB5	PIH1 domain-containing protein 2
B1	PIM2	Q9P1W9	Serine/threonine-protein kinase pim-2
B1	PIM3	Q86V86	Serine/threonine-protein kinase pim-3
B1	PMVK	Q15126	Phosphomevalonate kinase
B1	PNMA6A	P0CW24	Paraneoplastic antigen-like protein 6A
B1	POLR2M	Q6EEV4	DNA-directed RNA polymerase II subunit GRINL1A, isoforms 4/5
B1	POM121L2	Q96KW2	POM121-like protein 2
B1	PPM1F	P49593	Protein phosphatase 1F
B1	PPP1R11	O60927	E3 ubiquitin-protein ligase PPP1R11
B1	PPP1R14A	Q96A00	Protein phosphatase 1 regulatory subunit 14A
B1	PPP4R3C	Q6ZMV5	Protein PPP4R3C
B1	PRKRA	O75569	Interferon-inducible double-stranded RNA-dependent protein kinase activator A
B1	PRR20A	P86496	Proline-rich protein 20A
B1	PRR20B	P86481	Proline-rich protein 20B
B1	PRR20C	P86479	Proline-rich protein 20C
B1	PRR20D	P86480	Proline-rich protein 20D
B1	PRR20E	P86478	Proline-rich protein 20E
B1	PRR22	Q8IZ63	Proline-rich protein 22
B1	PRR23B	Q6ZRT6	Proline-rich protein 23B
B1	PRR3	P79522	Proline-rich protein 3
B1	PRR35	P0CG20	Proline-rich protein 35
B1	PSMD14	O00487	Ubiquitin C-terminal hydrolase PSMD14
B1	PSMD3	O43242	26S proteasome non-ATPase regulatory subunit 3
B1	PSMD5	Q16401	26S proteasome non-ATPase regulatory subunit 5
B1	PTS	Q03393	6-pyruvoyl tetrahydrobiopterin synthase
B1	PUS7L	Q9H0K6	Pseudouridylate synthase PUS7L
B1	PWWP2B	Q6NUJ5	PWWP domain-containing protein 2B
B1	QNG1	Q5T6V5	Queuosine 5'-phosphate N-glycosylase/hydrolase
B1	QSER1	Q2KHR3	Glutamine and serine-rich protein 1
B1	RABL6	Q3YEC7	Rab-like protein 6
B1	RAI2	Q9Y5P3	Retinoic acid-induced protein 2
B1	RALYL	Q86SE5	RNA-binding Raly-like protein
B1	RBBP8NL	Q8NC74	RBBP8 N-terminal-like protein
B1	RBM26	Q5T8P6	RNA-binding protein 26
B1	RBM43	Q6ZSC3	RNA-binding protein 43
B1	RBM46	Q8TBY0	Probable RNA-binding protein 46
B1	RBM48	Q5RL73	RNA-binding protein 48
B1	RCBTB2	O95199	RCC1 and BTB domain-containing protein 2
B1	REP15	Q6BDI9	Rab15 effector protein
B1	RIOK2	Q9BVS4	Serine/threonine-protein kinase RIO2
B1	RMND5B	Q96G75	E3 ubiquitin-protein transferase RMND5B
B1	RNF125	Q96EQ8	E3 ubiquitin-protein ligase RNF125
B1	RNF181	Q9P0P0	E3 ubiquitin-protein ligase RNF181
B1	RNF214	Q8ND24	RING finger protein 214
B1	RNF216	Q9NWF9	E3 ubiquitin-protein ligase RNF216
B1	RNF31	Q96EP0	E3 ubiquitin-protein ligase RNF31
B1	RNF44	Q7L0R7	RING finger protein 44
B1	RPRD2	Q5VT52	Regulation of nuclear pre-mRNA domain-containing protein 2
B1	RPS25	P62851	Small ribosomal subunit protein eS25
B1	RPS26	P62854	Small ribosomal subunit protein eS26
B1	RRP15	Q9Y3B9	RRP15-like protein
B1	RSPH14	Q9UHP6	Radial spoke head 14 homolog
B1	RSPH6A	Q9H0K4	Radial spoke head protein 6 homolog A
B1	RSRC2	Q7L4I2	Arginine/serine-rich coiled-coil protein 2
B1	RTF2	Q9BY42	Replication termination factor 2
B1	RTL8B	Q17RB0	Retrotransposon Gag-like protein 8B
B1	RTP5	Q14D33	Receptor-transporting protein 5
B1	RWDD1	Q9H446	RWD domain-containing protein 1
B1	RWDD2B	P57060	RWD domain-containing protein 2B
B1	SAMD13	Q5VXD3	Sterile alpha motif domain-containing protein 13
B1	SAT1	P21673	Diamine acetyltransferase 1
B1	SAXO4	Q7Z5V6	Stabilizer of axonemal microtubules 4
B1	SAXO5	Q8NA69	Stabilizer of axonemal microtubules 5
B1	SBK3	P0C264	Uncharacterized serine/threonine-protein kinase SBK3
B1	SCOC	Q9UIL1	Short coiled-coil protein
B1	SENP7	Q9BQF6	Sentrin-specific protease 7
B1	SERTAD1	Q9UHV2	SERTA domain-containing protein 1
B1	SERTAD4	Q9NUC0	SERTA domain-containing protein 4
B1	SMG9	Q9H0W8	Nonsense-mediated mRNA decay factor SMG9
B1	SMURF1	Q9HCE7	E3 ubiquitin-protein ligase SMURF1
B1	SMYD5	Q6GMV2	Protein-lysine N-trimethyltransferase SMYD5
B1	SPANXN3	Q5MJ09	Sperm protein associated with the nucleus on the X chromosome N3
B1	SPATA12	Q7Z6I5	Spermatogenesis-associated protein 12
B1	SPDYC	Q5MJ68	Speedy protein C
B1	SPDYE1	Q8NFV5	Speedy protein E1
B1	SPDYE13	A0A494C0Z2	Speedy protein E13
B1	SPDYE3	A6NKU9	Speedy protein E3
B1	SPDYE4	A6NLX3	Speedy protein E4
B1	SPSB1	Q96BD6	SPRY domain-containing SOCS box protein 1
B1	SREK1IP1	Q8N9Q2	Protein SREK1IP1
B1	SRP72	O76094	Signal recognition particle subunit SRP72
B1	SSX3	Q99909	Protein SSX3
B1	SSX4;SSX4B	O60224	Protein SSX4
B1	STAMBPL1	Q96FJ0	AMSH-like protease
B1	STAU1	O95793	Double-stranded RNA-binding protein Staufen homolog 1
B1	STRBP	Q96SI9	Spermatid perinuclear RNA-binding protein
B1	SUPT20HL1	Q3ZLR7	Transcription factor SPT20 homolog-like 1
B1	SUPT20HL2	P0C7V6	Transcription factor SPT20 homolog-like 2
B1	TAB1	Q15750	TGF-beta-activated kinase 1 and MAP3K7-binding protein 1
B1	TACC3	Q9Y6A5	Transforming acidic coiled-coil-containing protein 3
B1	TAF11L11	A0A1W2PQ09	TATA-box-binding protein-associated factor 11-like protein 11
B1	TAF11L12	A0A1W2PPW3	TATA-box-binding protein-associated factor 11-like protein 12
B1	TAF11L13	A0A1W2PPH5	TATA-box-binding protein-associated factor 11-like protein 13
B1	TAF11L14	A0A1W2PPL8	TATA-box-binding protein-associated factor 11-like protein 14
B1	TAF11L2	A6NLC8	TATA-box binding protein associated factor 11 like protein 2
B1	TAF11L3	A0A1W2PRV1	TATA-box-binding protein-associated factor 11-like protein 3
B1	TAF11L4	A0A1W2PPE2	TATA-box-binding protein-associated factor 11-like protein 4
B1	TAF11L5	A0A1W2PP81	TATA-box-binding protein-associated factor 11-like protein 5
B1	TAF11L9	A0A1W2PR64	TATA-box-binding protein-associated factor 11-like protein 9
B1	TCAP	O15273	Telethonin
B1	TCEANC	Q8N8B7	Transcription elongation factor A N-terminal and central domain-containing protein
B1	TENT5A	Q96IP4	Terminal nucleotidyltransferase 5A
B1	TENT5D	Q8NEK8	Terminal nucleotidyltransferase 5D
B1	TEX12	Q9BXU0	Testis-expressed protein 12
B1	TEX19	Q8NA77	Testis-expressed protein 19
B1	TEX35	Q5T0J7	Testis-expressed protein 35
B1	THADA	Q6YHU6	tRNA
B1	THTPA	Q9BU02	Thiamine-triphosphatase
B1	TIFA	Q96CG3	TRAF-interacting protein with FHA domain-containing protein A
B1	TMCO6	Q96DC7	Transmembrane and coiled-coil domain-containing protein 6
B1	TNRC6A	Q8NDV7	Trinucleotide repeat-containing gene 6A protein
B1	TOB2	Q14106	Protein Tob2
B1	TOP3A	Q13472	DNA topoisomerase 3-alpha
B1	TOP3B	O95985	DNA topoisomerase 3-beta-1
B1	TRIB1	Q96RU8	Tribbles homolog 1
B1	TRIM37	O94972	E3 ubiquitin-protein ligase TRIM37
B1	TRIM44	Q96DX7	Tripartite motif-containing protein 44
B1	TRIR	Q9BQ61	Telomerase RNA component interacting RNase
B1	TRMT10B	Q6PF06	tRNA methyltransferase 10 homolog B
B1	TRMT11	Q7Z4G4	tRNA
B1	TSACC	Q96A04	TSSK6-activating co-chaperone protein
B1	TSC22D2	O75157	TSC22 domain family protein 2
B1	TSPYL4	Q9UJ04	Testis-specific Y-encoded-like protein 4
B1	TSR2	Q969E8	Pre-rRNA-processing protein TSR2 homolog
B1	TTC12	Q9H892	Tetratricopeptide repeat protein 12
B1	TTC33	Q6PID6	Tetratricopeptide repeat protein 33
B1	TTC9C	Q8N5M4	Tetratricopeptide repeat protein 9C
B1	UBA3	Q8TBC4	NEDD8-activating enzyme E1 catalytic subunit
B1	UBE2C	O00762	Ubiquitin-conjugating enzyme E2 C
B1	UBE2E2	Q96LR5	Ubiquitin-conjugating enzyme E2 E2
B1	UBE2F	Q969M7	NEDD8-conjugating enzyme UBE2F
B1	UBE2R2	Q712K3	Ubiquitin-conjugating enzyme E2 R2
B1	UBE2S	Q16763	Ubiquitin-conjugating enzyme E2 S
B1	UBE2V2	Q15819	Ubiquitin-conjugating enzyme E2 variant 2
B1	UBE3D	Q7Z6J8	E3 ubiquitin-protein ligase E3D
B1	UBL4B	Q8N7F7	Ubiquitin-like protein 4B
B1	UBN2	Q6ZU65	Ubinuclein-2
B1	UPF2	Q9HAU5	Regulator of nonsense transcripts 2
B1	USP18	Q9UMW8	Ubl carboxyl-terminal hydrolase 18
B1	USP20	Q9Y2K6	Ubiquitin carboxyl-terminal hydrolase 20
B1	USP47	Q96K76	Ubiquitin carboxyl-terminal hydrolase 47
B1	USP51	Q70EK9	Ubiquitin carboxyl-terminal hydrolase 51
B1	UVSSA	Q2YD98	UV-stimulated scaffold protein A
B1	VCF2	Q5XKR9	Protein VCF2
B1	VCX	Q9H320	Variable charge X-linked protein 1
B1	VCX2	Q9H322	Variable charge X-linked protein 2
B1	VMA22	Q96NT0	Vacuolar ATPase assembly protein VMA22
B1	VPS16	Q9H269	Vacuolar protein sorting-associated protein 16 homolog
B1	WDR25	Q64LD2	WD repeat-containing protein 25
B1	WDR70	Q9NW82	WD repeat-containing protein 70
B1	WDR76	Q9H967	WD repeat-containing protein 76
B1	YOD1	Q5VVQ6	Ubiquitin thioesterase OTU1
B1	ZCCHC10	Q8TBK6	Zinc finger CCHC domain-containing protein 10
B1	ZCCHC12	Q6PEW1	Zinc finger CCHC domain-containing protein 12
B1	ZCCHC13	Q8WW36	Zinc finger CCHC domain-containing protein 13
B1	ZCCHC14	Q8WYQ9	Zinc finger CCHC domain-containing protein 14
B1	ZCWPW2	Q504Y3	Zinc finger CW-type PWWP domain protein 2
B1	ZDBF2	Q9HCK1	DBF4-type zinc finger-containing protein 2
B1	ZFTRAF1	P0DTL6	Zinc finger TRAF-type-containing protein 1
B1	ZFYVE19	Q96K21	Abscission/NoCut checkpoint regulator
B1	ZMYM4	Q5VZL5	Zinc finger MYM-type protein 4
B1	ZMYND12	Q9H0C1	Zinc finger MYND domain-containing protein 12
B1	ZNHIT2	Q9UHR6	Zinc finger HIT domain-containing protein 2
B1	ZNHIT6	Q9NWK9	Box C/D snoRNA protein 1
B1	ZNRD2	O60232	Protein ZNRD2
B1	ZYG11A	Q6WRX3	Protein zyg-11 homolog A
B1	ZYG11B	Q9C0D3	Protein zyg-11 homolog B
B2	ARAF	P10398	Serine/threonine-protein kinase A-Raf
B2	ARMC10	Q8N2F6	Armadillo repeat-containing protein 10
B2	AXIN2	Q9Y2T1	Axin-2
B2	AXL	P30530	Tyrosine-protein kinase receptor UFO
B2	BMP10	O95393	Bone morphogenetic protein 10
B2	BMP5	P22003	Bone morphogenetic protein 5
B2	BMP7	P18075	Bone morphogenetic protein 7
B2	BMPR1A	P36894	Bone morphogenetic protein receptor type-1A
B2	CALM1	P0DP23	Calmodulin-1
B2	CALM2	P0DP24	Calmodulin-2
B2	CALM3	P0DP25	Calmodulin-3
B2	CAMK2A	Q9UQM7	Calcium/calmodulin-dependent protein kinase type II subunit alpha
B2	CAMK2D	Q13557	Calcium/calmodulin-dependent protein kinase type II subunit delta
B2	CARD9	Q9H257	Caspase recruitment domain-containing protein 9
B2	CBL	P22681	E3 ubiquitin-protein ligase CBL
B2	CBLB	Q13191	E3 ubiquitin-protein ligase CBL-B
B2	CDC42	P60953	Cell division control protein 42 homolog
B2	CRK	P46108	Adapter molecule crk
B2	CSDE1	O75534	Cold shock domain-containing protein E1
B2	CSK	P41240	Tyrosine-protein kinase CSK
B2	DAB1	O75553	Disabled homolog 1
B2	DAB2IP	Q5VWQ8	Disabled homolog 2-interacting protein
B2	DDR2	Q16832	Discoidin domain-containing receptor 2
B2	DVL1	O14640	Segment polarity protein dishevelled homolog DVL-1
B2	DVL3	Q92997	Segment polarity protein dishevelled homolog DVL-3
B2	EPHB2	P29323	Ephrin type-B receptor 2
B2	EREG	O14944	Proepiregulin [Cleaved into: Epiregulin
B2	F2RL1	P55085	Proteinase-activated receptor 2
B2	FBXO2	Q9UK22	F-box only protein 2
B2	FLNA	P21333	Filamin-A
B2	FLT3	P36888	Receptor-type tyrosine-protein kinase FLT3
B2	FNIP1	Q8TF40	Folliculin-interacting protein 1
B2	FRS2	Q8WU20	Fibroblast growth factor receptor substrate 2
B2	GDF15	Q99988	Growth/differentiation factor 15
B2	HCK	P08631	Tyrosine-protein kinase HCK
B2	HGF	P14210	Hepatocyte growth factor
B2	IGF1	P05019	Insulin-like growth factor 1
B2	IL10	P22301	Interleukin-10
B2	IL6ST	P40189	Interleukin-6 receptor subunit beta
B2	INS	P01308	Insulin [Cleaved into: Insulin B chain; Insulin A chain]
B2	IRS2	Q9Y4H2	Insulin receptor substrate 2
B2	ITGAM	P11215	Integrin alpha-M
B2	ITGAV	P06756	Integrin alpha-V
B2	JAK1	P23458	Tyrosine-protein kinase JAK1
B2	KRAS	P01116	GTPase KRas
B2	LCK	P06239	Tyrosine-protein kinase Lck
B2	LCMT1	Q9UIC8	Leucine carboxyl methyltransferase 1
B2	LRP5	O75197	Low-density lipoprotein receptor-related protein 5
B2	MAP2K5	Q13163	Dual specificity mitogen-activated protein kinase kinase 5
B2	MAP3K4	Q9Y6R4	Mitogen-activated protein kinase kinase kinase 4
B2	MAVS	Q7Z434	Mitochondrial antiviral-signaling protein
B2	MDK	P21741	Midkine
B2	NEDD4L	Q96PU5	E3 ubiquitin-protein ligase NEDD4-like
B2	NTRK1	P04629	High affinity nerve growth factor receptor
B2	OTUB1	Q96FW1	Ubiquitin thioesterase OTUB1
B2	PCM1	Q15154	Pericentriolar material 1 protein
B2	PIK3C3	Q8NEB9	Phosphatidylinositol 3-kinase catalytic subunit type 3
B2	PIK3R1	P27986	Phosphatidylinositol 3-kinase regulatory subunit alpha
B2	PPP2R1B	P30154	Serine/threonine-protein phosphatase 2A 65 kDa regulatory subunit A beta isoform
B2	PPP3R1	P63098	Calcineurin subunit B type 1
B2	PRKG1	Q13976	cGMP-dependent protein kinase 1
B2	PRL	P01236	Prolactin
B2	PTGES3	Q15185	Prostaglandin E synthase 3
B2	RAC2	P15153	Ras-related C3 botulinum toxin substrate 2
B2	RASSF1	Q9NS23	Ras association domain-containing protein 1
B2	RHEB	Q15382	GTP-binding protein Rheb
B2	RNF41	Q9H4P4	E3 ubiquitin-protein ligase NRDP1
B2	ROCK1	Q13464	Rho-associated protein kinase 1
B2	SH3RF1	Q7Z6J0	E3 ubiquitin-protein ligase SH3RF1
B2	SOS1	Q07889	Son of sevenless homolog 1
B2	SPRY2	O43597	Protein sprouty homolog 2
B2	SSBP1	Q04837	Single-stranded DNA-binding protein, mitochondrial
B2	SYK	P43405	Tyrosine-protein kinase SYK
B2	TAB2	Q9NYJ8	TGF-beta-activated kinase 1 and MAP3K7-binding protein 2
B2	TAB3	Q8N5C8	TGF-beta-activated kinase 1 and MAP3K7-binding protein 3
B2	TEK	Q02763	Angiopoietin-1 receptor
B2	TGFB1	P01137	Transforming growth factor beta-1 proprotein [Cleaved into: Latency-associated peptide
B2	TGFBR2	P37173	TGF-beta receptor type-2
B2	TIAM1	Q13009	Rho guanine nucleotide exchange factor TIAM1
B2	TLR4	O00206	Toll-like receptor 4
B2	TNF	P01375	Tumor necrosis factor
B2	TRAF2	Q12933	TNF receptor-associated factor 2
B2	TYK2	P29597	Non-receptor tyrosine-protein kinase TYK2
B2	WNT4	P56705	Protein Wnt-4
B2	YWHAH	Q04917	14-3-3 protein eta
B3	ABTB2	Q8N961-2	Ankyrin repeat and BTB/POZ domain-containing protein 2
B3	ADD1	P35611-2; P35611-6	Alpha-adducin
B3	ADD2	P35612-5; P35612-6	Beta-adducin
B3	AFG2A	Q8NB90-2; Q8NB90-3	ATPase family gene 2 protein homolog A
B3	ANKLE2	Q86XL3-3	Ankyrin repeat and LEM domain-containing protein 2
B3	ANKRD44	Q8N8A2-4	Serine/threonine-protein phosphatase 6 regulatory ankyrin repeat subunit B
B3	ARHGEF28	Q8N1W1-2	Rho guanine nucleotide exchange factor 28
B3	ARPP21	Q9UBL0-5	cAMP-regulated phosphoprotein 21
B3	ASB9	Q96DX5-2; Q96DX5-3	Ankyrin repeat and SOCS box protein 9
B3	ATG16L1	Q676U5-5	Autophagy-related protein 16-1
B3	ATG4A	Q8WYN0-2	Cysteine protease ATG4A
B3	ATG5	Q9H1Y0-2	Autophagy protein 5
B3	BBS4	Q96RK4-2	BBSome complex member BBS4
B3	BCL2L11	O43521-14; O43521-19; O43521-4; O43521-5; O43521-8	Bcl-2-like protein 11
B3	BZW1	Q7L1Q6-2	eIF5-mimic protein 2
B3	BZW2	Q9Y6E2-2	eIF5-mimic protein 1
B3	C19orf25	Q9UFG5-2	UPF0449 protein C19orf25
B3	CAPRIN2	Q6IMN6-4	Caprin-2
B3	CASP2	P42575-2	Caspase-2
B3	CASP9	P55211-3	Caspase-9
B3	CCDC116	Q8IYX3-3	Coiled-coil domain-containing protein 116
B3	CCDC32	Q9BV29-3	Coiled-coil domain-containing protein 32
B3	CCNY	Q8ND76-3	Cyclin-Y
B3	CDC16	Q13042-3	Cell division cycle protein 16 homolog
B3	CFLAR	O15519-14; O15519-3; O15519-5; O15519-7	CASP8 and FADD-like apoptosis regulator
B3	CSNK1G1	Q9HCP0-2	Casein kinase I isoform gamma-1
B3	DAPK2	Q9UIK4-2	Death-associated protein kinase 2
B3	DDX4	Q9NQI0-3	Probable ATP-dependent RNA helicase DDX4
B3	DISC1	Q9NRI5-3; Q9NRI5-6; Q9NRI5-7; Q9NRI5-8; Q9NRI5-9	Disrupted in schizophrenia 1 protein
B3	DNAJB2	P25686-2	DnaJ homolog subfamily B member 2
B3	EEF1D	P29692-2	Elongation factor 1-delta
B3	EIF4G3	O43432-2	Eukaryotic translation initiation factor 4 gamma 3
B3	ENO1	P06733-2	Alpha-enolase
B3	EPM2A	O95278-2	Laforin
B3	FAM13C	Q8NE31-3; Q8NE31-4; Q8NE31-5	Protein FAM13C
B3	FARP1	Q9Y4F1-3	FERM, ARHGEF and pleckstrin domain-containing protein 1
B3	FBXL22	Q6P050-2	F-box and leucine-rich protein 22
B3	FBXL7	Q9UJT9-2	F-box/LRR-repeat protein 7
B3	FNDC3B	Q53EP0-2	Fibronectin type III domain-containing protein 3B
B3	FZR1	Q9UM11-2; Q9UM11-3	Fizzy-related protein homolog
B3	GARNL3	Q5VVW2-4	GTPase-activating Rap/Ran-GAP domain-like protein 3
B3	GGNBP2	Q9H3C7-2	Gametogenetin-binding protein 2
B3	GOLGA8G	P0DX53-4	Golgin subfamily A member 8G
B3	GPALPP1	Q8IXQ4-2	GPALPP motifs-containing protein 1
B3	GRSF1	Q12849-5	G-rich sequence factor 1
B3	HBS1L	Q9Y450-2	HBS1-like protein
B3	HCK	P08631-2	Tyrosine-protein kinase HCK
B3	HRAS	P01112-2	GTPase HRas
B3	IFT43	Q96FT9-4	Intraflagellar transport protein 43 homolog
B3	IL15	P40933-2	Interleukin-15
B3	KANK4	Q5T7N3-2	KN motif and ankyrin repeat domain-containing protein 4
B3	KIAA1328	Q86T90-4	Protein hinderin
B3	KLC4	Q9NSK0-4	Kinesin light chain 4
B3	KLHL12	Q53G59-2	Kelch-like protein 12
B3	KLHL32	Q96NJ5-3	Kelch-like protein 32
B3	KLHL5	Q96PQ7-3; Q96PQ7-5	Kelch-like protein 5
B3	LIG3	P49916-2; P49916-3; P49916-4	DNA ligase 3
B3	MAP3K19	Q56UN5-7	Mitogen-activated protein kinase kinase kinase 19
B3	MATK	P42679-2	Megakaryocyte-associated tyrosine-protein kinase
B3	MIB2	Q96AX9-8	E3 ubiquitin-protein ligase MIB2
B3	MSTO1	Q9BUK6-6	Protein misato homolog 1
B3	MTPAP	Q9NVV4-2	Poly(A) RNA polymerase, mitochondrial
B3	NBR1	Q14596-2	Next to BRCA1 gene 1 protein
B3	NEDD4L	Q96PU5-4; Q96PU5-9	E3 ubiquitin-protein ligase NEDD4-like
B3	NLRC5	Q86WI3-3	Protein NLRC5
B3	NSUN4	Q96CB9-4	5-cytosine rRNA methyltransferase NSUN4
B3	PAIP1	Q9H074-3	Polyadenylate-binding protein-interacting protein 1
B3	PIK3R1	P27986-5	Phosphatidylinositol 3-kinase regulatory subunit alpha
B3	PLSCR2	Q9NRY7-1	Phospholipid scramblase 2
B3	PPME1	Q9Y570-4	Protein phosphatase methylesterase 1
B3	PPP2R1B	P30154-2; P30154-4; P30154-5	Serine/threonine-protein phosphatase 2A 65 kDa regulatory subunit A beta isoform
B3	PPP3CC	P48454-3	Serine/threonine-protein phosphatase 2B catalytic subunit gamma isoform
B3	PRKCZ	Q05513-2	Protein kinase C zeta type
B3	PSMC2	P35998-2	26S proteasome regulatory subunit 7
B3	PTPN2	P17706-2; P17706-4	Tyrosine-protein phosphatase non-receptor type 2
B3	RAD9B	Q6WBX8-2; Q6WBX8-3; Q6WBX8-4	Cell cycle checkpoint control protein RAD9B
B3	RASSF1	Q9NS23-2; Q9NS23-4	Ras association domain-containing protein 1
B3	RBM41	Q96IZ5-3	RNA-binding protein 41
B3	RC3H2	Q9HBD1-2; Q9HBD1-3; Q9HBD1-5	Roquin-2
B3	RCAN1	P53805-4	Calcipressin-1
B3	RCAN3	Q9UKA8-5	Calcipressin-3
B3	SAMD9L	Q8IVG5-2	Sterile alpha motif domain-containing protein 9-like
B3	SANBR	Q6NSI8-4	SANT and BTB domain regulator of class switch recombination
B3	SEC16B	Q96JE7-2	Protein transport protein Sec16B
B3	SHKBP1	Q8TBC3-2	SH3KBP1-binding protein 1
B3	SORBS3	O60504-2	Vinexin
B3	SPAG1	Q07617-2	Sperm-associated antigen 1
B3	SPRY4	Q9C004-2	Protein sprouty homolog 4
B3	TIMM50	Q3ZCQ8-2	Mitochondrial import inner membrane translocase subunit TIM50
B3	TMEM232	C9JQI7-2	Transmembrane protein 232
B3	TPGS2	Q68CL5-3	Tubulin polyglutamylase complex subunit 2
B3	TRAPPC2L	Q9UL33-2	Trafficking protein particle complex subunit 2-like protein
B3	UBE2G2	P60604-2	Ubiquitin-conjugating enzyme E2 G2
B3	UBE2M	P61081-2	NEDD8-conjugating enzyme Ubc12
B3	UBE3C	Q15386-2; Q15386-3	Ubiquitin-protein ligase E3C
B3	UBQLNL	Q8IYU4-2	Ubiquilin-like protein
B3	ULK3	Q6PHR2-2	Serine/threonine-protein kinase ULK3
B3	USP18	Q9UMW8-2	Ubl carboxyl-terminal hydrolase 18
B3	USP19	O94966-2; O94966-3; O94966-4; O94966-6; O94966-7	Ubiquitin carboxyl-terminal hydrolase 19
B3	USP2	O75604-2; O75604-3; O75604-4	Ubiquitin carboxyl-terminal hydrolase 2
B3	USP25	Q9UHP3-3	Ubiquitin carboxyl-terminal hydrolase 25
B3	USP54	Q70EL1-4	Ubiquitin carboxyl-terminal hydrolase 54
B3	USP6	P35125-2	Ubiquitin carboxyl-terminal hydrolase 6
B3	VWA3B	Q502W6-3; Q502W6-4; Q502W6-7	von Willebrand factor A domain-containing protein 3B
B3	WDR44	Q5JSH3-3	WD repeat-containing protein 44
B3	WNK2	Q9Y3S1-3	Serine/threonine-protein kinase WNK2
B3	WNK4	Q96J92-2	Serine/threonine-protein kinase WNK4
B3	ZC3H12D	A2A288-3; A2A288-4	Probable ribonuclease ZC3H12D
B3	ZFYVE26	Q68DK2-4	Zinc finger FYVE domain-containing protein 26
B3	ZNRF1	Q8ND25-2	E3 ubiquitin-protein ligase ZNRF1
B3	ZWILCH	Q9H900-2	Protein zwilch homolog
B3	ZZEF1	O43149-2	Zinc finger ZZ-type and EF-hand domain-containing protein 1
