sequence_identity_min	bidirectional_coverage_min	functional_profile	positive_controls_evaluated	aligned_homology_eligible	strict_architecture_eligible	recovered_positive_controls	overall_recovery_fraction	conditional_recovery_fraction_among_architecture_eligible	passing_positive_control_edges
0.70	0.70	PRIMARY_ANY_STRICT	1861	267	205	21	0.01128426	0.10243902	12
0.70	0.80	PRIMARY_ANY_STRICT	1861	267	205	21	0.01128426	0.10243902	12
0.70	0.90	PRIMARY_ANY_STRICT	1861	267	205	21	0.01128426	0.10243902	12
0.75	0.70	PRIMARY_ANY_STRICT	1861	267	205	21	0.01128426	0.10243902	12
0.75	0.80	PRIMARY_ANY_STRICT	1861	267	205	21	0.01128426	0.10243902	12
0.75	0.90	PRIMARY_ANY_STRICT	1861	267	205	21	0.01128426	0.10243902	12
0.80	0.70	PRIMARY_ANY_STRICT	1861	267	205	17	0.00913487	0.08292683	10
0.80	0.80	PRIMARY_ANY_STRICT	1861	267	205	17	0.00913487	0.08292683	10
0.80	0.90	PRIMARY_ANY_STRICT	1861	267	205	17	0.00913487	0.08292683	10
0.90	0.70	PRIMARY_ANY_STRICT	1861	267	205	7	0.00376142	0.03414634	5
0.90	0.80	PRIMARY_ANY_STRICT	1861	267	205	7	0.00376142	0.03414634	5
0.90	0.90	PRIMARY_ANY_STRICT	1861	267	205	7	0.00376142	0.03414634	5
