run_id	candidate_accession	candidate_gene	candidate_stage1_route	primary_stage2_final80_status	stage2_5_v3_status	qualifying_seed_count	best_seed_accession	best_seed_gene	best_seed_stage1_route	best_seed_primary_final80_category	best_seed_also_final90_pass	sequence_identity	seed_coverage	candidate_coverage	domain_architecture_source	domain_order_copy_exact	domain_boundary_min_normalized_iou	functional_pass_reason	shared_reactome_direct_ids	shared_go_bp_direct_ids	shared_go_mf_direct_ids	stage3_entry_label	primary_ppi_label_unchanged	interpretation
stage2_5_homology_function_review_v3_20261006	P06899	H2BC11	A1	fail	extended_candidate	1	O60814	H2BC12	A1	RF2-final80-only	yes	0.99206349	1.00000000	1.00000000	PFAM	yes	1.00000000	go_bpmf_direct_idf_jaccard_ge_0p25_with_ge3_shared		GO:0002227|GO:0019731|GO:0031640|GO:0050829|GO:0050830|GO:0061844		Stage2_extended_homology_domain_function_supported	yes	extension_candidate_not_direct_PPI_proof
stage2_5_homology_function_review_v3_20261006	P62807	H2BC4	A1	fail	extended_candidate	1	O60814	H2BC12	A1	RF2-final80-only	yes	0.99206349	1.00000000	1.00000000	PFAM	yes	1.00000000	go_bpmf_direct_idf_jaccard_ge_0p25_with_ge3_shared		GO:0002227|GO:0019731|GO:0050830|GO:0061844		Stage2_extended_homology_domain_function_supported	yes	extension_candidate_not_direct_PPI_proof
stage2_5_homology_function_review_v3_20261006	P57053	H2BC12L	A1	fail	extended_candidate	1	O60814	H2BC12	A1	RF2-final80-only	yes	0.98412698	1.00000000	1.00000000	PFAM	yes	1.00000000	go_bpmf_direct_idf_jaccard_ge_0p25_with_ge3_shared		GO:0002227|GO:0019731|GO:0050830|GO:0061844		Stage2_extended_homology_domain_function_supported	yes	extension_candidate_not_direct_PPI_proof
stage2_5_homology_function_review_v3_20261006	Q16778	H2BC21	A1	fail	extended_candidate	1	O60814	H2BC12	A1	RF2-final80-only	yes	0.98412698	1.00000000	1.00000000	PFAM	yes	1.00000000	go_bpmf_direct_idf_jaccard_ge_0p25_with_ge3_shared		GO:0002227|GO:0019731|GO:0050830|GO:0061844		Stage2_extended_homology_domain_function_supported	yes	extension_candidate_not_direct_PPI_proof
stage2_5_homology_function_review_v3_20261006	P21127	CDK11B	A1	fail	extended_candidate	1	Q9UQ88	CDK11A	A1	RF2-final80-only	yes	0.97484277	1.00000000	1.00000000	PFAM	yes	0.97731228	go_mf_direct_jaccard_ge_0p50_with_ge2_shared		GO:0001111|GO:0006468|GO:0048024|GO:0050684	GO:0004674|GO:0004693|GO:0005524|GO:0008353|GO:0106310|GO:0140834|GO:0140836	Stage2_extended_homology_domain_function_supported	yes	extension_candidate_not_direct_PPI_proof
stage2_5_homology_function_review_v3_20261006	Q9Y2H1	STK38L	B1	fail	extended_candidate	1	Q15208	STK38	A1	HI-union-only	yes	0.86909871	1.00000000	0.99784483	PFAM	yes	0.93534483	go_bpmf_direct_idf_jaccard_ge_0p25_with_ge3_shared		GO:0006468|GO:0035556	GO:0000287|GO:0004674|GO:0005524	Stage2_extended_homology_domain_function_supported	yes	extension_candidate_not_direct_PPI_proof
stage2_5_homology_function_review_v3_20261006	P46734	MAP2K3	B1	fail	extended_candidate	1	P52564	MAP2K6	A1	RF2-final80-only	yes	0.80000000	1.00000000	0.96253602	PFAM	yes	0.96625238	go_bpmf_direct_idf_jaccard_ge_0p25_with_ge3_shared		GO:0031098|GO:0038066	GO:0004708	Stage2_extended_homology_domain_function_supported	yes	extension_candidate_not_direct_PPI_proof
stage2_5_homology_function_review_v3_20261006	P01111	NRAS	B2	fail	extended_candidate	1	P01116	KRAS	B2	RF2-final80-only	yes	0.86842105	1.00000000	1.00000000	PFAM	yes	1.00000000	go_mf_direct_jaccard_ge_0p50_with_ge2_shared		GO:0007265	GO:0003924|GO:0044877	Stage2_extended_homology_domain_function_supported	yes	extension_candidate_not_direct_PPI_proof
stage2_5_homology_function_review_v3_20261006	P36507	MAP2K2	B2	fail	extended_candidate	1	Q02750	MAP2K1	A1	HI-union+RF2-final80	yes	0.80150754	0.99491094	0.99500000	PFAM	yes	0.98545049	go_bpmf_direct_idf_jaccard_ge_0p25_with_ge3_shared		GO:0010628|GO:0045893|GO:0071902	GO:0004708|GO:0005078|GO:0043539	Stage2_extended_homology_domain_function_supported	yes	extension_candidate_not_direct_PPI_proof
