run_id	pair_class	pair_id	left_accession	left_gene	left_stage1_route	right_accession	right_gene	right_stage1_route	coarse_domain_signature	length_ratio	kmer_containment	alignment_score	sequence_identity	left_coverage	right_coverage	sequence_pass_primary	domain_architecture_source	domain_architecture_available	domain_order_copy_exact	domain_boundary_min_normalized_iou	domain_boundary_pass	domain_architecture_pass	domain_architecture_reason	shared_reactome_direct_count	reactome_direct_jaccard	shared_go_bp_direct_count	go_bp_direct_jaccard	shared_go_mf_direct_count	go_mf_direct_jaccard	shared_go_bpmf_direct_count	go_bpmf_direct_idf_jaccard	shared_reactome_direct_ids	shared_go_bp_direct_ids	shared_go_mf_direct_ids	functional_pass_primary	functional_pass_reason	stage2_5_v3_edge_pass	decision_semantics
stage2_5_homology_function_review_v3_20261006	primary_failure_vs_positive_seed	P01116__P01111	P01116	KRAS	B2	P01111	NRAS	B2	PF:PF00071|IPR:IPR001806,IPR005225,IPR020849,IPR027417	1.00000000	0.71111111	848	0.86842105	1.00000000	1.00000000	yes	PFAM	yes	yes	1.00000000	yes	yes	pass	0	0.00000000	1	0.33333333	2	1.00000000	3	0.62033411		GO:0007265	GO:0003924|GO:0044877	yes	go_mf_direct_jaccard_ge_0p50_with_ge2_shared	yes	homology_domain_function_supported_extension_not_primary_PPI_positive
stage2_5_homology_function_review_v3_20261006	primary_failure_vs_positive_seed	O60814__P06899	O60814	H2BC12	A1	P06899	H2BC11	A1	PF:PF00125|IPR:IPR000558,IPR007125,IPR009072,IPR055333	1.00000000	0.97391304	627	0.99206349	1.00000000	1.00000000	yes	PFAM	yes	yes	1.00000000	yes	yes	pass	0	0.00000000	6	0.85714286	0	0.00000000	6	0.67172375		GO:0002227|GO:0019731|GO:0031640|GO:0050829|GO:0050830|GO:0061844		yes	go_bpmf_direct_idf_jaccard_ge_0p25_with_ge3_shared	yes	homology_domain_function_supported_extension_not_primary_PPI_positive
stage2_5_homology_function_review_v3_20261006	primary_failure_vs_positive_seed	Q9UQ88__P21127	Q9UQ88	CDK11A	A1	P21127	CDK11B	A1	PF:PF00069|IPR:IPR000719,IPR008271,IPR011009,IPR045267,IPR050108	0.98490566	0.95355588	3984	0.97484277	1.00000000	1.00000000	yes	PFAM	yes	yes	0.97731228	yes	yes	pass	0	0.00000000	4	0.80000000	7	1.00000000	11	0.90562622		GO:0001111|GO:0006468|GO:0048024|GO:0050684	GO:0004674|GO:0004693|GO:0005524|GO:0008353|GO:0106310|GO:0140834|GO:0140836	yes	go_mf_direct_jaccard_ge_0p50_with_ge2_shared	yes	homology_domain_function_supported_extension_not_primary_PPI_positive
stage2_5_homology_function_review_v3_20261006	primary_failure_vs_positive_seed	Q02750__P36507	Q02750	MAP2K1	A1	P36507	MAP2K2	B2	PF:PF00069|IPR:IPR000719,IPR008271,IPR011009,IPR017441,IPR050915	0.98250000	0.57526882	1650	0.80150754	0.99491094	0.99500000	yes	PFAM	yes	yes	0.98545049	yes	yes	pass	0	0.00000000	3	0.37500000	3	0.37500000	6	0.37109668		GO:0010628|GO:0045893|GO:0071902	GO:0004708|GO:0005078|GO:0043539	yes	go_bpmf_direct_idf_jaccard_ge_0p25_with_ge3_shared	yes	homology_domain_function_supported_extension_not_primary_PPI_positive
stage2_5_homology_function_review_v3_20261006	primary_failure_vs_positive_seed	P52564__P46734	P52564	MAP2K6	A1	P46734	MAP2K3	B1	PF:PF00069|IPR:IPR000719,IPR008271,IPR011009,IPR017441	0.96253602	0.50609756	1388	0.80000000	1.00000000	0.96253602	yes	PFAM	yes	yes	0.96625238	yes	yes	pass	0	0.00000000	2	0.22222222	1	0.33333333	3	0.28212251		GO:0031098|GO:0038066	GO:0004708	yes	go_bpmf_direct_idf_jaccard_ge_0p25_with_ge3_shared	yes	homology_domain_function_supported_extension_not_primary_PPI_positive
stage2_5_homology_function_review_v3_20261006	primary_failure_vs_positive_seed	O60814__P57053	O60814	H2BC12	A1	P57053	H2BC12L	A1	PF:PF00125|IPR:IPR000558,IPR007125,IPR009072,IPR055333	1.00000000	0.93913043	620	0.98412698	1.00000000	1.00000000	yes	PFAM	yes	yes	1.00000000	yes	yes	pass	0	0.00000000	4	0.66666667	0	0.00000000	4	0.65716545		GO:0002227|GO:0019731|GO:0050830|GO:0061844		yes	go_bpmf_direct_idf_jaccard_ge_0p25_with_ge3_shared	yes	homology_domain_function_supported_extension_not_primary_PPI_positive
stage2_5_homology_function_review_v3_20261006	primary_failure_vs_positive_seed	O60814__P62807	O60814	H2BC12	A1	P62807	H2BC4	A1	PF:PF00125|IPR:IPR000558,IPR007125,IPR009072,IPR055333	1.00000000	0.98260870	625	0.99206349	1.00000000	1.00000000	yes	PFAM	yes	yes	1.00000000	yes	yes	pass	0	0.00000000	4	0.66666667	0	0.00000000	4	0.65716545		GO:0002227|GO:0019731|GO:0050830|GO:0061844		yes	go_bpmf_direct_idf_jaccard_ge_0p25_with_ge3_shared	yes	homology_domain_function_supported_extension_not_primary_PPI_positive
stage2_5_homology_function_review_v3_20261006	primary_failure_vs_positive_seed	O60814__Q16778	O60814	H2BC12	A1	Q16778	H2BC21	A1	PF:PF00125|IPR:IPR000558,IPR007125,IPR009072,IPR055333	1.00000000	0.95652174	624	0.98412698	1.00000000	1.00000000	yes	PFAM	yes	yes	1.00000000	yes	yes	pass	0	0.00000000	4	0.66666667	0	0.00000000	4	0.65716545		GO:0002227|GO:0019731|GO:0050830|GO:0061844		yes	go_bpmf_direct_idf_jaccard_ge_0p25_with_ge3_shared	yes	homology_domain_function_supported_extension_not_primary_PPI_positive
stage2_5_homology_function_review_v3_20261006	primary_failure_vs_positive_seed	Q15208__Q9Y2H1	Q15208	STK38	A1	Q9Y2H1	STK38L	B1	PF:PF00069,PF00433|IPR:IPR000719,IPR000961,IPR008271,IPR011009,IPR017441,IPR017892,IPR050839	0.99784946	0.62946429	2132	0.86909871	1.00000000	0.99784483	yes	PFAM	yes	yes	0.93534483	yes	yes	pass	0	0.00000000	2	0.28571429	3	0.42857143	5	0.28518154		GO:0006468|GO:0035556	GO:0000287|GO:0004674|GO:0005524	yes	go_bpmf_direct_idf_jaccard_ge_0p25_with_ge3_shared	yes	homology_domain_function_supported_extension_not_primary_PPI_positive
